concept_id,concept_name,domain_id,vocabulary_id,concept_class_id,standard_concept,concept_code,valid_start_date,valid_end_date,invalid_reason
1,Gender/M,Custom,Gender,Custom,,M,,,
2,Gender/F,Custom,Gender,Custom,,F,,,
3,CODE/4328,Custom,CODE,Custom,,4328,,,
4,CODE/2086,Custom,CODE,Custom,,2086,,,
5,CODE/4566,Custom,CODE,Custom,,4566,,,
6,CODE/2053,Custom,CODE,Custom,,2053,,,
7,CODE/2773,Custom,CODE,Custom,,2773,,,
8,CODE/1312,Custom,CODE,Custom,,1312,,,
9,CODE/3777,Custom,CODE,Custom,,3777,,,
10,CODE/2235,Custom,CODE,Custom,,2235,,,
11,CODE/1273,Custom,CODE,Custom,,1273,,,
12,CODE/1638,Custom,CODE,Custom,,1638,,,
13,CODE/4487,Custom,CODE,Custom,,4487,,,
14,CODE/4722,Custom,CODE,Custom,,4722,,,
15,CODE/1920,Custom,CODE,Custom,,1920,,,
16,CODE/1756,Custom,CODE,Custom,,1756,,,
17,CODE/3119,Custom,CODE,Custom,,3119,,,
18,CODE/2540,Custom,CODE,Custom,,2540,,,
19,CODE/3144,Custom,CODE,Custom,,3144,,,
20,CODE/1837,Custom,CODE,Custom,,1837,,,
21,CODE/3126,Custom,CODE,Custom,,3126,,,
22,CODE/3653,Custom,CODE,Custom,,3653,,,
23,CODE/2956,Custom,CODE,Custom,,2956,,,
24,CODE/2014,Custom,CODE,Custom,,2014,,,
25,CODE/2740,Custom,CODE,Custom,,2740,,,
26,CODE/2016,Custom,CODE,Custom,,2016,,,
27,CODE/2216,Custom,CODE,Custom,,2216,,,
28,CODE/1496,Custom,CODE,Custom,,1496,,,
29,CODE/2810,Custom,CODE,Custom,,2810,,,
30,CODE/1162,Custom,CODE,Custom,,1162,,,
31,CODE/4307,Custom,CODE,Custom,,4307,,,
32,CODE/3751,Custom,CODE,Custom,,3751,,,
33,CODE/2908,Custom,CODE,Custom,,2908,,,
34,CODE/3154,Custom,CODE,Custom,,3154,,,
35,CODE/4059,Custom,CODE,Custom,,4059,,,
36,CODE/4269,Custom,CODE,Custom,,4269,,,
37,CODE/4982,Custom,CODE,Custom,,4982,,,
38,CODE/2034,Custom,CODE,Custom,,2034,,,
39,CODE/3567,Custom,CODE,Custom,,3567,,,
40,CODE/2610,Custom,CODE,Custom,,2610,,,
41,CODE/2899,Custom,CODE,Custom,,2899,,,
42,CODE/1426,Custom,CODE,Custom,,1426,,,
43,CODE/3199,Custom,CODE,Custom,,3199,,,
44,CODE/4438,Custom,CODE,Custom,,4438,,,
45,CODE/1314,Custom,CODE,Custom,,1314,,,
46,CODE/4132,Custom,CODE,Custom,,4132,,,
47,CODE/3778,Custom,CODE,Custom,,3778,,,
48,CODE/4690,Custom,CODE,Custom,,4690,,,
49,CODE/2788,Custom,CODE,Custom,,2788,,,
50,CODE/2451,Custom,CODE,Custom,,2451,,,
51,CODE/3697,Custom,CODE,Custom,,3697,,,
52,CODE/2720,Custom,CODE,Custom,,2720,,,
53,CODE/2616,Custom,CODE,Custom,,2616,,,
54,CODE/4506,Custom,CODE,Custom,,4506,,,
55,CODE/3275,Custom,CODE,Custom,,3275,,,
56,CODE/2595,Custom,CODE,Custom,,2595,,,
57,CODE/3194,Custom,CODE,Custom,,3194,,,
58,CODE/2787,Custom,CODE,Custom,,2787,,,
59,CODE/2099,Custom,CODE,Custom,,2099,,,
60,CODE/3271,Custom,CODE,Custom,,3271,,,
61,CODE/1557,Custom,CODE,Custom,,1557,,,
62,CODE/3543,Custom,CODE,Custom,,3543,,,
63,CODE/4319,Custom,CODE,Custom,,4319,,,
64,CODE/3283,Custom,CODE,Custom,,3283,,,
65,CODE/2191,Custom,CODE,Custom,,2191,,,
66,CODE/3892,Custom,CODE,Custom,,3892,,,
67,CODE/2572,Custom,CODE,Custom,,2572,,,
68,CODE/2911,Custom,CODE,Custom,,2911,,,
69,CODE/2599,Custom,CODE,Custom,,2599,,,
70,CODE/3411,Custom,CODE,Custom,,3411,,,
71,CODE/3539,Custom,CODE,Custom,,3539,,,
72,CODE/1285,Custom,CODE,Custom,,1285,,,
73,CODE/2614,Custom,CODE,Custom,,2614,,,
74,CODE/4109,Custom,CODE,Custom,,4109,,,
75,CODE/4739,Custom,CODE,Custom,,4739,,,
76,CODE/2226,Custom,CODE,Custom,,2226,,,
77,CODE/2753,Custom,CODE,Custom,,2753,,,
78,CODE/2868,Custom,CODE,Custom,,2868,,,
79,CODE/3329,Custom,CODE,Custom,,3329,,,
80,CODE/3407,Custom,CODE,Custom,,3407,,,
81,CODE/1211,Custom,CODE,Custom,,1211,,,
82,CODE/4966,Custom,CODE,Custom,,4966,,,
83,CODE/4377,Custom,CODE,Custom,,4377,,,
84,CODE/4526,Custom,CODE,Custom,,4526,,,
85,CODE/3672,Custom,CODE,Custom,,3672,,,
86,CODE/4748,Custom,CODE,Custom,,4748,,,
87,CODE/4042,Custom,CODE,Custom,,4042,,,
88,CODE/2171,Custom,CODE,Custom,,2171,,,
89,CODE/4992,Custom,CODE,Custom,,4992,,,
90,CODE/1945,Custom,CODE,Custom,,1945,,,
91,CODE/4357,Custom,CODE,Custom,,4357,,,
92,CODE/3327,Custom,CODE,Custom,,3327,,,
93,CODE/1674,Custom,CODE,Custom,,1674,,,
94,CODE/2152,Custom,CODE,Custom,,2152,,,
95,CODE/2738,Custom,CODE,Custom,,2738,,,
96,CODE/3646,Custom,CODE,Custom,,3646,,,
97,CODE/4894,Custom,CODE,Custom,,4894,,,
98,CODE/4993,Custom,CODE,Custom,,4993,,,
99,CODE/4821,Custom,CODE,Custom,,4821,,,
100,CODE/1539,Custom,CODE,Custom,,1539,,,
101,CODE/1456,Custom,CODE,Custom,,1456,,,
102,CODE/4762,Custom,CODE,Custom,,4762,,,
103,CODE/2242,Custom,CODE,Custom,,2242,,,
104,CODE/4953,Custom,CODE,Custom,,4953,,,
105,CODE/4125,Custom,CODE,Custom,,4125,,,
106,CODE/1783,Custom,CODE,Custom,,1783,,,
107,CODE/1866,Custom,CODE,Custom,,1866,,,
108,CODE/3608,Custom,CODE,Custom,,3608,,,
109,CODE/4605,Custom,CODE,Custom,,4605,,,
110,CODE/3605,Custom,CODE,Custom,,3605,,,
111,CODE/2537,Custom,CODE,Custom,,2537,,,
112,CODE/4945,Custom,CODE,Custom,,4945,,,
113,CODE/1317,Custom,CODE,Custom,,1317,,,
114,CODE/3753,Custom,CODE,Custom,,3753,,,
115,CODE/1676,Custom,CODE,Custom,,1676,,,
116,CODE/2765,Custom,CODE,Custom,,2765,,,
117,CODE/3075,Custom,CODE,Custom,,3075,,,
118,CODE/2022,Custom,CODE,Custom,,2022,,,
119,CODE/4770,Custom,CODE,Custom,,4770,,,
120,CODE/3005,Custom,CODE,Custom,,3005,,,
121,CODE/4146,Custom,CODE,Custom,,4146,,,
122,CODE/3621,Custom,CODE,Custom,,3621,,,
123,CODE/2322,Custom,CODE,Custom,,2322,,,
124,CODE/1267,Custom,CODE,Custom,,1267,,,
125,CODE/1400,Custom,CODE,Custom,,1400,,,
126,CODE/3205,Custom,CODE,Custom,,3205,,,
127,CODE/3008,Custom,CODE,Custom,,3008,,,
128,CODE/3937,Custom,CODE,Custom,,3937,,,
129,CODE/1730,Custom,CODE,Custom,,1730,,,
130,CODE/3438,Custom,CODE,Custom,,3438,,,
131,CODE/1244,Custom,CODE,Custom,,1244,,,
132,CODE/4031,Custom,CODE,Custom,,4031,,,
133,CODE/4036,Custom,CODE,Custom,,4036,,,
134,CODE/2233,Custom,CODE,Custom,,2233,,,
135,CODE/1237,Custom,CODE,Custom,,1237,,,
136,CODE/4395,Custom,CODE,Custom,,4395,,,
137,CODE/4564,Custom,CODE,Custom,,4564,,,
138,CODE/2668,Custom,CODE,Custom,,2668,,,
139,CODE/4631,Custom,CODE,Custom,,4631,,,
140,CODE/2433,Custom,CODE,Custom,,2433,,,
141,CODE/2281,Custom,CODE,Custom,,2281,,,
142,CODE/1342,Custom,CODE,Custom,,1342,,,
143,CODE/1876,Custom,CODE,Custom,,1876,,,
144,CODE/1414,Custom,CODE,Custom,,1414,,,
145,CODE/4413,Custom,CODE,Custom,,4413,,,
146,CODE/4635,Custom,CODE,Custom,,4635,,,
147,CODE/1903,Custom,CODE,Custom,,1903,,,
148,CODE/4790,Custom,CODE,Custom,,4790,,,
149,CODE/3208,Custom,CODE,Custom,,3208,,,
150,CODE/2592,Custom,CODE,Custom,,2592,,,
151,CODE/4234,Custom,CODE,Custom,,4234,,,
152,CODE/3896,Custom,CODE,Custom,,3896,,,
153,CODE/1911,Custom,CODE,Custom,,1911,,,
154,CODE/3069,Custom,CODE,Custom,,3069,,,
155,CODE/3490,Custom,CODE,Custom,,3490,,,
156,CODE/2905,Custom,CODE,Custom,,2905,,,
157,CODE/2375,Custom,CODE,Custom,,2375,,,
158,CODE/1597,Custom,CODE,Custom,,1597,,,
159,CODE/1396,Custom,CODE,Custom,,1396,,,
160,CODE/4685,Custom,CODE,Custom,,4685,,,
161,CODE/1190,Custom,CODE,Custom,,1190,,,
162,CODE/4639,Custom,CODE,Custom,,4639,,,
163,CODE/3762,Custom,CODE,Custom,,3762,,,
164,CODE/2413,Custom,CODE,Custom,,2413,,,
165,CODE/3177,Custom,CODE,Custom,,3177,,,
166,CODE/2781,Custom,CODE,Custom,,2781,,,
167,CODE/1315,Custom,CODE,Custom,,1315,,,
168,CODE/1487,Custom,CODE,Custom,,1487,,,
169,CODE/4948,Custom,CODE,Custom,,4948,,,
170,CODE/1935,Custom,CODE,Custom,,1935,,,
171,CODE/1970,Custom,CODE,Custom,,1970,,,
172,CODE/1127,Custom,CODE,Custom,,1127,,,
173,CODE/4488,Custom,CODE,Custom,,4488,,,
174,CODE/3924,Custom,CODE,Custom,,3924,,,
175,CODE/3500,Custom,CODE,Custom,,3500,,,
176,CODE/1318,Custom,CODE,Custom,,1318,,,
177,CODE/1232,Custom,CODE,Custom,,1232,,,
178,CODE/2333,Custom,CODE,Custom,,2333,,,
179,CODE/4860,Custom,CODE,Custom,,4860,,,
180,CODE/1379,Custom,CODE,Custom,,1379,,,
181,CODE/2056,Custom,CODE,Custom,,2056,,,
182,CODE/2337,Custom,CODE,Custom,,2337,,,
183,CODE/3464,Custom,CODE,Custom,,3464,,,
184,CODE/2188,Custom,CODE,Custom,,2188,,,
185,CODE/4823,Custom,CODE,Custom,,4823,,,
186,CODE/4481,Custom,CODE,Custom,,4481,,,
187,CODE/2721,Custom,CODE,Custom,,2721,,,
188,CODE/3555,Custom,CODE,Custom,,3555,,,
189,CODE/2299,Custom,CODE,Custom,,2299,,,
190,CODE/1715,Custom,CODE,Custom,,1715,,,
191,CODE/1603,Custom,CODE,Custom,,1603,,,
192,CODE/3945,Custom,CODE,Custom,,3945,,,
193,CODE/1982,Custom,CODE,Custom,,1982,,,
194,CODE/3735,Custom,CODE,Custom,,3735,,,
195,CODE/1242,Custom,CODE,Custom,,1242,,,
196,CODE/1966,Custom,CODE,Custom,,1966,,,
197,CODE/2329,Custom,CODE,Custom,,2329,,,
198,CODE/4841,Custom,CODE,Custom,,4841,,,
199,CODE/1530,Custom,CODE,Custom,,1530,,,
200,CODE/1443,Custom,CODE,Custom,,1443,,,
201,CODE/2825,Custom,CODE,Custom,,2825,,,
202,CODE/4565,Custom,CODE,Custom,,4565,,,
203,CODE/2259,Custom,CODE,Custom,,2259,,,
204,CODE/4191,Custom,CODE,Custom,,4191,,,
205,CODE/3965,Custom,CODE,Custom,,3965,,,
206,CODE/1815,Custom,CODE,Custom,,1815,,,
207,CODE/1072,Custom,CODE,Custom,,1072,,,
208,CODE/1985,Custom,CODE,Custom,,1985,,,
209,CODE/3466,Custom,CODE,Custom,,3466,,,
210,CODE/3489,Custom,CODE,Custom,,3489,,,
211,CODE/3465,Custom,CODE,Custom,,3465,,,
212,CODE/2492,Custom,CODE,Custom,,2492,,,
213,CODE/4772,Custom,CODE,Custom,,4772,,,
214,CODE/4607,Custom,CODE,Custom,,4607,,,
215,CODE/3867,Custom,CODE,Custom,,3867,,,
216,CODE/3025,Custom,CODE,Custom,,3025,,,
217,CODE/4632,Custom,CODE,Custom,,4632,,,
218,CODE/1964,Custom,CODE,Custom,,1964,,,
219,CODE/4759,Custom,CODE,Custom,,4759,,,
220,CODE/4404,Custom,CODE,Custom,,4404,,,
221,CODE/3628,Custom,CODE,Custom,,3628,,,
222,CODE/1094,Custom,CODE,Custom,,1094,,,
223,CODE/2690,Custom,CODE,Custom,,2690,,,
224,CODE/2805,Custom,CODE,Custom,,2805,,,
225,CODE/2557,Custom,CODE,Custom,,2557,,,
226,CODE/3188,Custom,CODE,Custom,,3188,,,
227,CODE/3222,Custom,CODE,Custom,,3222,,,
228,CODE/1768,Custom,CODE,Custom,,1768,,,
229,CODE/2638,Custom,CODE,Custom,,2638,,,
230,CODE/4168,Custom,CODE,Custom,,4168,,,
231,CODE/3052,Custom,CODE,Custom,,3052,,,
232,CODE/3360,Custom,CODE,Custom,,3360,,,
233,CODE/2705,Custom,CODE,Custom,,2705,,,
234,CODE/4561,Custom,CODE,Custom,,4561,,,
235,CODE/1611,Custom,CODE,Custom,,1611,,,
236,CODE/1362,Custom,CODE,Custom,,1362,,,
237,CODE/2489,Custom,CODE,Custom,,2489,,,
238,CODE/2283,Custom,CODE,Custom,,2283,,,
239,CODE/3934,Custom,CODE,Custom,,3934,,,
240,CODE/3240,Custom,CODE,Custom,,3240,,,
241,CODE/4209,Custom,CODE,Custom,,4209,,,
242,CODE/1047,Custom,CODE,Custom,,1047,,,
243,CODE/3022,Custom,CODE,Custom,,3022,,,
244,CODE/2400,Custom,CODE,Custom,,2400,,,
245,CODE/2256,Custom,CODE,Custom,,2256,,,
246,CODE/2353,Custom,CODE,Custom,,2353,,,
247,CODE/1435,Custom,CODE,Custom,,1435,,,
248,CODE/1479,Custom,CODE,Custom,,1479,,,
249,CODE/3552,Custom,CODE,Custom,,3552,,,
250,CODE/1334,Custom,CODE,Custom,,1334,,,
251,CODE/4851,Custom,CODE,Custom,,4851,,,
252,CODE/4254,Custom,CODE,Custom,,4254,,,
253,CODE/4592,Custom,CODE,Custom,,4592,,,
254,CODE/3534,Custom,CODE,Custom,,3534,,,
255,CODE/1508,Custom,CODE,Custom,,1508,,,
256,CODE/2073,Custom,CODE,Custom,,2073,,,
257,CODE/4911,Custom,CODE,Custom,,4911,,,
258,CODE/1510,Custom,CODE,Custom,,1510,,,
259,CODE/3433,Custom,CODE,Custom,,3433,,,
260,CODE/4092,Custom,CODE,Custom,,4092,,,
261,CODE/1938,Custom,CODE,Custom,,1938,,,
262,CODE/4450,Custom,CODE,Custom,,4450,,,
263,CODE/4895,Custom,CODE,Custom,,4895,,,
264,CODE/2122,Custom,CODE,Custom,,2122,,,
265,CODE/1274,Custom,CODE,Custom,,1274,,,
266,CODE/1069,Custom,CODE,Custom,,1069,,,
267,CODE/2840,Custom,CODE,Custom,,2840,,,
268,CODE/3788,Custom,CODE,Custom,,3788,,,
269,CODE/2236,Custom,CODE,Custom,,2236,,,
270,CODE/4117,Custom,CODE,Custom,,4117,,,
271,CODE/2619,Custom,CODE,Custom,,2619,,,
272,CODE/2170,Custom,CODE,Custom,,2170,,,
273,CODE/1988,Custom,CODE,Custom,,1988,,,
274,CODE/3381,Custom,CODE,Custom,,3381,,,
275,CODE/3839,Custom,CODE,Custom,,3839,,,
276,CODE/3461,Custom,CODE,Custom,,3461,,,
277,CODE/3946,Custom,CODE,Custom,,3946,,,
278,CODE/3661,Custom,CODE,Custom,,3661,,,
279,CODE/4019,Custom,CODE,Custom,,4019,,,
280,CODE/4508,Custom,CODE,Custom,,4508,,,
281,CODE/1282,Custom,CODE,Custom,,1282,,,
282,CODE/2049,Custom,CODE,Custom,,2049,,,
283,CODE/1430,Custom,CODE,Custom,,1430,,,
284,CODE/3703,Custom,CODE,Custom,,3703,,,
285,CODE/2960,Custom,CODE,Custom,,2960,,,
286,CODE/2424,Custom,CODE,Custom,,2424,,,
287,CODE/2119,Custom,CODE,Custom,,2119,,,
288,CODE/3059,Custom,CODE,Custom,,3059,,,
289,CODE/3452,Custom,CODE,Custom,,3452,,,
290,CODE/3337,Custom,CODE,Custom,,3337,,,
291,CODE/3252,Custom,CODE,Custom,,3252,,,
292,CODE/1173,Custom,CODE,Custom,,1173,,,
293,CODE/4938,Custom,CODE,Custom,,4938,,,
294,CODE/4838,Custom,CODE,Custom,,4838,,,
295,CODE/1467,Custom,CODE,Custom,,1467,,,
296,CODE/3575,Custom,CODE,Custom,,3575,,,
297,CODE/3976,Custom,CODE,Custom,,3976,,,
298,CODE/4532,Custom,CODE,Custom,,4532,,,
299,CODE/4198,Custom,CODE,Custom,,4198,,,
300,CODE/1122,Custom,CODE,Custom,,1122,,,
301,CODE/1831,Custom,CODE,Custom,,1831,,,
302,CODE/3392,Custom,CODE,Custom,,3392,,,
303,CODE/3727,Custom,CODE,Custom,,3727,,,
304,CODE/3064,Custom,CODE,Custom,,3064,,,
305,CODE/4126,Custom,CODE,Custom,,4126,,,
306,CODE/4441,Custom,CODE,Custom,,4441,,,
307,CODE/3690,Custom,CODE,Custom,,3690,,,
308,CODE/1571,Custom,CODE,Custom,,1571,,,
309,CODE/2245,Custom,CODE,Custom,,2245,,,
310,CODE/3542,Custom,CODE,Custom,,3542,,,
311,CODE/2869,Custom,CODE,Custom,,2869,,,
312,CODE/4698,Custom,CODE,Custom,,4698,,,
313,CODE/2453,Custom,CODE,Custom,,2453,,,
314,CODE/3958,Custom,CODE,Custom,,3958,,,
315,CODE/1696,Custom,CODE,Custom,,1696,,,
316,CODE/1864,Custom,CODE,Custom,,1864,,,
317,CODE/4085,Custom,CODE,Custom,,4085,,,
318,CODE/3023,Custom,CODE,Custom,,3023,,,
319,CODE/1158,Custom,CODE,Custom,,1158,,,
320,CODE/2010,Custom,CODE,Custom,,2010,,,
321,CODE/2157,Custom,CODE,Custom,,2157,,,
322,CODE/1365,Custom,CODE,Custom,,1365,,,
323,CODE/1404,Custom,CODE,Custom,,1404,,,
324,CODE/2746,Custom,CODE,Custom,,2746,,,
325,CODE/4152,Custom,CODE,Custom,,4152,,,
326,CODE/4403,Custom,CODE,Custom,,4403,,,
327,CODE/3985,Custom,CODE,Custom,,3985,,,
328,CODE/2420,Custom,CODE,Custom,,2420,,,
329,CODE/3171,Custom,CODE,Custom,,3171,,,
330,CODE/1577,Custom,CODE,Custom,,1577,,,
331,CODE/2068,Custom,CODE,Custom,,2068,,,
332,CODE/4452,Custom,CODE,Custom,,4452,,,
333,CODE/2055,Custom,CODE,Custom,,2055,,,
334,CODE/4520,Custom,CODE,Custom,,4520,,,
335,CODE/1761,Custom,CODE,Custom,,1761,,,
336,CODE/1484,Custom,CODE,Custom,,1484,,,
337,CODE/4295,Custom,CODE,Custom,,4295,,,
338,CODE/1540,Custom,CODE,Custom,,1540,,,
339,CODE/1299,Custom,CODE,Custom,,1299,,,
340,CODE/1213,Custom,CODE,Custom,,1213,,,
341,CODE/3183,Custom,CODE,Custom,,3183,,,
342,CODE/1586,Custom,CODE,Custom,,1586,,,
343,CODE/4774,Custom,CODE,Custom,,4774,,,
344,CODE/3135,Custom,CODE,Custom,,3135,,,
345,CODE/2901,Custom,CODE,Custom,,2901,,,
346,CODE/3685,Custom,CODE,Custom,,3685,,,
347,CODE/1099,Custom,CODE,Custom,,1099,,,
348,CODE/1701,Custom,CODE,Custom,,1701,,,
349,CODE/2767,Custom,CODE,Custom,,2767,,,
350,CODE/2456,Custom,CODE,Custom,,2456,,,
351,CODE/1259,Custom,CODE,Custom,,1259,,,
352,CODE/2741,Custom,CODE,Custom,,2741,,,
353,CODE/2321,Custom,CODE,Custom,,2321,,,
354,CODE/1040,Custom,CODE,Custom,,1040,,,
355,CODE/3588,Custom,CODE,Custom,,3588,,,
356,CODE/4314,Custom,CODE,Custom,,4314,,,
357,CODE/1969,Custom,CODE,Custom,,1969,,,
358,CODE/3874,Custom,CODE,Custom,,3874,,,
359,CODE/3941,Custom,CODE,Custom,,3941,,,
360,CODE/4849,Custom,CODE,Custom,,4849,,,
361,CODE/2958,Custom,CODE,Custom,,2958,,,
362,CODE/3525,Custom,CODE,Custom,,3525,,,
363,CODE/4223,Custom,CODE,Custom,,4223,,,
364,CODE/2450,Custom,CODE,Custom,,2450,,,
365,CODE/2123,Custom,CODE,Custom,,2123,,,
366,CODE/1994,Custom,CODE,Custom,,1994,,,
367,CODE/2232,Custom,CODE,Custom,,2232,,,
368,CODE/1452,Custom,CODE,Custom,,1452,,,
369,CODE/3671,Custom,CODE,Custom,,3671,,,
370,CODE/3713,Custom,CODE,Custom,,3713,,,
371,CODE/4940,Custom,CODE,Custom,,4940,,,
372,CODE/4962,Custom,CODE,Custom,,4962,,,
373,CODE/2658,Custom,CODE,Custom,,2658,,,
374,CODE/1554,Custom,CODE,Custom,,1554,,,
375,CODE/2612,Custom,CODE,Custom,,2612,,,
376,CODE/4839,Custom,CODE,Custom,,4839,,,
377,CODE/2367,Custom,CODE,Custom,,2367,,,
378,CODE/1481,Custom,CODE,Custom,,1481,,,
379,CODE/2132,Custom,CODE,Custom,,2132,,,
380,CODE/4056,Custom,CODE,Custom,,4056,,,
381,CODE/3546,Custom,CODE,Custom,,3546,,,
382,CODE/2234,Custom,CODE,Custom,,2234,,,
383,CODE/2577,Custom,CODE,Custom,,2577,,,
384,CODE/2211,Custom,CODE,Custom,,2211,,,
385,CODE/2394,Custom,CODE,Custom,,2394,,,
386,CODE/1010,Custom,CODE,Custom,,1010,,,
387,CODE/3812,Custom,CODE,Custom,,3812,,,
388,CODE/3273,Custom,CODE,Custom,,3273,,,
389,CODE/3656,Custom,CODE,Custom,,3656,,,
390,CODE/3242,Custom,CODE,Custom,,3242,,,
391,CODE/4922,Custom,CODE,Custom,,4922,,,
392,CODE/4743,Custom,CODE,Custom,,4743,,,
393,CODE/2295,Custom,CODE,Custom,,2295,,,
394,CODE/2150,Custom,CODE,Custom,,2150,,,
395,CODE/2405,Custom,CODE,Custom,,2405,,,
396,CODE/2966,Custom,CODE,Custom,,2966,,,
397,CODE/2003,Custom,CODE,Custom,,2003,,,
398,CODE/3210,Custom,CODE,Custom,,3210,,,
399,CODE/4638,Custom,CODE,Custom,,4638,,,
400,CODE/2948,Custom,CODE,Custom,,2948,,,
401,CODE/4533,Custom,CODE,Custom,,4533,,,
402,CODE/4626,Custom,CODE,Custom,,4626,,,
403,CODE/1472,Custom,CODE,Custom,,1472,,,
404,CODE/3377,Custom,CODE,Custom,,3377,,,
405,CODE/1651,Custom,CODE,Custom,,1651,,,
406,CODE/4158,Custom,CODE,Custom,,4158,,,
407,CODE/1229,Custom,CODE,Custom,,1229,,,
408,CODE/1183,Custom,CODE,Custom,,1183,,,
409,CODE/4189,Custom,CODE,Custom,,4189,,,
410,CODE/1909,Custom,CODE,Custom,,1909,,,
411,CODE/4906,Custom,CODE,Custom,,4906,,,
412,CODE/4304,Custom,CODE,Custom,,4304,,,
413,CODE/4540,Custom,CODE,Custom,,4540,,,
414,CODE/1937,Custom,CODE,Custom,,1937,,,
415,CODE/2313,Custom,CODE,Custom,,2313,,,
416,CODE/1134,Custom,CODE,Custom,,1134,,,
417,CODE/3773,Custom,CODE,Custom,,3773,,,
418,CODE/3230,Custom,CODE,Custom,,3230,,,
419,CODE/4905,Custom,CODE,Custom,,4905,,,
420,CODE/1104,Custom,CODE,Custom,,1104,,,
421,CODE/4512,Custom,CODE,Custom,,4512,,,
422,CODE/1135,Custom,CODE,Custom,,1135,,,
423,CODE/4008,Custom,CODE,Custom,,4008,,,
424,CODE/4179,Custom,CODE,Custom,,4179,,,
425,CODE/1120,Custom,CODE,Custom,,1120,,,
426,CODE/4874,Custom,CODE,Custom,,4874,,,
427,CODE/3343,Custom,CODE,Custom,,3343,,,
428,CODE/3292,Custom,CODE,Custom,,3292,,,
429,CODE/3481,Custom,CODE,Custom,,3481,,,
430,CODE/1628,Custom,CODE,Custom,,1628,,,
431,CODE/2222,Custom,CODE,Custom,,2222,,,
432,CODE/2981,Custom,CODE,Custom,,2981,,,
433,CODE/2733,Custom,CODE,Custom,,2733,,,
434,CODE/1176,Custom,CODE,Custom,,1176,,,
435,CODE/2624,Custom,CODE,Custom,,2624,,,
436,CODE/2500,Custom,CODE,Custom,,2500,,,
437,CODE/3548,Custom,CODE,Custom,,3548,,,
438,CODE/2323,Custom,CODE,Custom,,2323,,,
439,CODE/2549,Custom,CODE,Custom,,2549,,,
440,CODE/4410,Custom,CODE,Custom,,4410,,,
441,CODE/2094,Custom,CODE,Custom,,2094,,,
442,CODE/2688,Custom,CODE,Custom,,2688,,,
443,CODE/2356,Custom,CODE,Custom,,2356,,,
444,CODE/3274,Custom,CODE,Custom,,3274,,,
445,CODE/1449,Custom,CODE,Custom,,1449,,,
446,CODE/3037,Custom,CODE,Custom,,3037,,,
447,CODE/1931,Custom,CODE,Custom,,1931,,,
448,CODE/3293,Custom,CODE,Custom,,3293,,,
449,CODE/3632,Custom,CODE,Custom,,3632,,,
450,CODE/4138,Custom,CODE,Custom,,4138,,,
451,CODE/4495,Custom,CODE,Custom,,4495,,,
452,CODE/4931,Custom,CODE,Custom,,4931,,,
453,CODE/1572,Custom,CODE,Custom,,1572,,,
454,CODE/1588,Custom,CODE,Custom,,1588,,,
455,CODE/3234,Custom,CODE,Custom,,3234,,,
456,CODE/1852,Custom,CODE,Custom,,1852,,,
457,CODE/4652,Custom,CODE,Custom,,4652,,,
458,CODE/2410,Custom,CODE,Custom,,2410,,,
459,CODE/4549,Custom,CODE,Custom,,4549,,,
460,CODE/3918,Custom,CODE,Custom,,3918,,,
461,CODE/1331,Custom,CODE,Custom,,1331,,,
462,CODE/2904,Custom,CODE,Custom,,2904,,,
463,CODE/1024,Custom,CODE,Custom,,1024,,,
464,CODE/1098,Custom,CODE,Custom,,1098,,,
465,CODE/1649,Custom,CODE,Custom,,1649,,,
466,CODE/2082,Custom,CODE,Custom,,2082,,,
467,CODE/2250,Custom,CODE,Custom,,2250,,,
468,CODE/2926,Custom,CODE,Custom,,2926,,,
469,CODE/1254,Custom,CODE,Custom,,1254,,,
470,CODE/4551,Custom,CODE,Custom,,4551,,,
471,CODE/4651,Custom,CODE,Custom,,4651,,,
472,CODE/2606,Custom,CODE,Custom,,2606,,,
473,CODE/3287,Custom,CODE,Custom,,3287,,,
474,CODE/2857,Custom,CODE,Custom,,2857,,,
475,CODE/2176,Custom,CODE,Custom,,2176,,,
476,CODE/2318,Custom,CODE,Custom,,2318,,,
477,CODE/1840,Custom,CODE,Custom,,1840,,,
478,CODE/1506,Custom,CODE,Custom,,1506,,,
479,CODE/1453,Custom,CODE,Custom,,1453,,,
480,CODE/2631,Custom,CODE,Custom,,2631,,,
481,CODE/1160,Custom,CODE,Custom,,1160,,,
482,CODE/2505,Custom,CODE,Custom,,2505,,,
483,CODE/4203,Custom,CODE,Custom,,4203,,,
484,CODE/1656,Custom,CODE,Custom,,1656,,,
485,CODE/3808,Custom,CODE,Custom,,3808,,,
486,CODE/4000,Custom,CODE,Custom,,4000,,,
487,CODE/2485,Custom,CODE,Custom,,2485,,,
488,CODE/1939,Custom,CODE,Custom,,1939,,,
489,CODE/3836,Custom,CODE,Custom,,3836,,,
490,CODE/2636,Custom,CODE,Custom,,2636,,,
491,CODE/2860,Custom,CODE,Custom,,2860,,,
492,CODE/4316,Custom,CODE,Custom,,4316,,,
493,CODE/1556,Custom,CODE,Custom,,1556,,,
494,CODE/2915,Custom,CODE,Custom,,2915,,,
495,CODE/4819,Custom,CODE,Custom,,4819,,,
496,CODE/2654,Custom,CODE,Custom,,2654,,,
497,CODE/1809,Custom,CODE,Custom,,1809,,,
498,CODE/2811,Custom,CODE,Custom,,2811,,,
499,CODE/4687,Custom,CODE,Custom,,4687,,,
500,CODE/1283,Custom,CODE,Custom,,1283,,,
501,CODE/4764,Custom,CODE,Custom,,4764,,,
502,CODE/4021,Custom,CODE,Custom,,4021,,,
503,CODE/1567,Custom,CODE,Custom,,1567,,,
504,CODE/2444,Custom,CODE,Custom,,2444,,,
505,CODE/2750,Custom,CODE,Custom,,2750,,,
506,CODE/1441,Custom,CODE,Custom,,1441,,,
507,CODE/2950,Custom,CODE,Custom,,2950,,,
508,CODE/3047,Custom,CODE,Custom,,3047,,,
509,CODE/4983,Custom,CODE,Custom,,4983,,,
510,CODE/3425,Custom,CODE,Custom,,3425,,,
511,CODE/4503,Custom,CODE,Custom,,4503,,,
512,CODE/2600,Custom,CODE,Custom,,2600,,,
513,CODE/4020,Custom,CODE,Custom,,4020,,,
514,CODE/2562,Custom,CODE,Custom,,2562,,,
515,CODE/2247,Custom,CODE,Custom,,2247,,,
516,CODE/3468,Custom,CODE,Custom,,3468,,,
517,CODE/2762,Custom,CODE,Custom,,2762,,,
518,CODE/4589,Custom,CODE,Custom,,4589,,,
519,CODE/3004,Custom,CODE,Custom,,3004,,,
520,CODE/4407,Custom,CODE,Custom,,4407,,,
521,CODE/4879,Custom,CODE,Custom,,4879,,,
522,CODE/3157,Custom,CODE,Custom,,3157,,,
523,CODE/3676,Custom,CODE,Custom,,3676,,,
524,CODE/4148,Custom,CODE,Custom,,4148,,,
525,CODE/1382,Custom,CODE,Custom,,1382,,,
526,CODE/2813,Custom,CODE,Custom,,2813,,,
527,CODE/3070,Custom,CODE,Custom,,3070,,,
528,CODE/3421,Custom,CODE,Custom,,3421,,,
529,CODE/3404,Custom,CODE,Custom,,3404,,,
530,CODE/1130,Custom,CODE,Custom,,1130,,,
531,CODE/1222,Custom,CODE,Custom,,1222,,,
532,CODE/4359,Custom,CODE,Custom,,4359,,,
533,CODE/4713,Custom,CODE,Custom,,4713,,,
534,CODE/4853,Custom,CODE,Custom,,4853,,,
535,CODE/2932,Custom,CODE,Custom,,2932,,,
536,CODE/2706,Custom,CODE,Custom,,2706,,,
537,CODE/2735,Custom,CODE,Custom,,2735,,,
538,CODE/1762,Custom,CODE,Custom,,1762,,,
539,CODE/3805,Custom,CODE,Custom,,3805,,,
540,CODE/1977,Custom,CODE,Custom,,1977,,,
541,CODE/3009,Custom,CODE,Custom,,3009,,,
542,CODE/1755,Custom,CODE,Custom,,1755,,,
543,CODE/2891,Custom,CODE,Custom,,2891,,,
544,CODE/3919,Custom,CODE,Custom,,3919,,,
545,CODE/4261,Custom,CODE,Custom,,4261,,,
546,CODE/2703,Custom,CODE,Custom,,2703,,,
547,CODE/4703,Custom,CODE,Custom,,4703,,,
548,CODE/1419,Custom,CODE,Custom,,1419,,,
549,CODE/3868,Custom,CODE,Custom,,3868,,,
550,CODE/3296,Custom,CODE,Custom,,3296,,,
551,CODE/3335,Custom,CODE,Custom,,3335,,,
552,CODE/1727,Custom,CODE,Custom,,1727,,,
553,CODE/2081,Custom,CODE,Custom,,2081,,,
554,CODE/2642,Custom,CODE,Custom,,2642,,,
555,CODE/4644,Custom,CODE,Custom,,4644,,,
556,CODE/2342,Custom,CODE,Custom,,2342,,,
557,CODE/1462,Custom,CODE,Custom,,1462,,,
558,CODE/1347,Custom,CODE,Custom,,1347,,,
559,CODE/2201,Custom,CODE,Custom,,2201,,,
560,CODE/3720,Custom,CODE,Custom,,3720,,,
561,CODE/4871,Custom,CODE,Custom,,4871,,,
562,CODE/2071,Custom,CODE,Custom,,2071,,,
563,CODE/3540,Custom,CODE,Custom,,3540,,,
564,CODE/1623,Custom,CODE,Custom,,1623,,,
565,CODE/3850,Custom,CODE,Custom,,3850,,,
566,CODE/2459,Custom,CODE,Custom,,2459,,,
567,CODE/3745,Custom,CODE,Custom,,3745,,,
568,CODE/3097,Custom,CODE,Custom,,3097,,,
569,CODE/3921,Custom,CODE,Custom,,3921,,,
570,CODE/2800,Custom,CODE,Custom,,2800,,,
571,CODE/3455,Custom,CODE,Custom,,3455,,,
572,CODE/3202,Custom,CODE,Custom,,3202,,,
573,CODE/2826,Custom,CODE,Custom,,2826,,,
574,CODE/2005,Custom,CODE,Custom,,2005,,,
575,CODE/3834,Custom,CODE,Custom,,3834,,,
576,CODE/2001,Custom,CODE,Custom,,2001,,,
577,CODE/2729,Custom,CODE,Custom,,2729,,,
578,CODE/1536,Custom,CODE,Custom,,1536,,,
579,CODE/3819,Custom,CODE,Custom,,3819,,,
580,CODE/4702,Custom,CODE,Custom,,4702,,,
581,CODE/2162,Custom,CODE,Custom,,2162,,,
582,CODE/3702,Custom,CODE,Custom,,3702,,,
583,CODE/4468,Custom,CODE,Custom,,4468,,,
584,CODE/4454,Custom,CODE,Custom,,4454,,,
585,CODE/1804,Custom,CODE,Custom,,1804,,,
586,CODE/2515,Custom,CODE,Custom,,2515,,,
587,CODE/4553,Custom,CODE,Custom,,4553,,,
588,CODE/4467,Custom,CODE,Custom,,4467,,,
589,CODE/1618,Custom,CODE,Custom,,1618,,,
590,CODE/4027,Custom,CODE,Custom,,4027,,,
591,CODE/4022,Custom,CODE,Custom,,4022,,,
592,CODE/4070,Custom,CODE,Custom,,4070,,,
593,CODE/2713,Custom,CODE,Custom,,2713,,,
594,CODE/4186,Custom,CODE,Custom,,4186,,,
595,CODE/1893,Custom,CODE,Custom,,1893,,,
596,CODE/4347,Custom,CODE,Custom,,4347,,,
597,CODE/3440,Custom,CODE,Custom,,3440,,,
598,CODE/2752,Custom,CODE,Custom,,2752,,,
599,CODE/3905,Custom,CODE,Custom,,3905,,,
600,CODE/2316,Custom,CODE,Custom,,2316,,,
601,CODE/4700,Custom,CODE,Custom,,4700,,,
602,CODE/2532,Custom,CODE,Custom,,2532,,,
603,CODE/4318,Custom,CODE,Custom,,4318,,,
604,CODE/2980,Custom,CODE,Custom,,2980,,,
605,CODE/1108,Custom,CODE,Custom,,1108,,,
606,CODE/1393,Custom,CODE,Custom,,1393,,,
607,CODE/3572,Custom,CODE,Custom,,3572,,,
608,CODE/2880,Custom,CODE,Custom,,2880,,,
609,CODE/2008,Custom,CODE,Custom,,2008,,,
610,CODE/4265,Custom,CODE,Custom,,4265,,,
611,CODE/1133,Custom,CODE,Custom,,1133,,,
612,CODE/2101,Custom,CODE,Custom,,2101,,,
613,CODE/1028,Custom,CODE,Custom,,1028,,,
614,CODE/4929,Custom,CODE,Custom,,4929,,,
615,CODE/1559,Custom,CODE,Custom,,1559,,,
616,CODE/3803,Custom,CODE,Custom,,3803,,,
617,CODE/1041,Custom,CODE,Custom,,1041,,,
618,CODE/4367,Custom,CODE,Custom,,4367,,,
619,CODE/3754,Custom,CODE,Custom,,3754,,,
620,CODE/2396,Custom,CODE,Custom,,2396,,,
621,CODE/4133,Custom,CODE,Custom,,4133,,,
622,CODE/4593,Custom,CODE,Custom,,4593,,,
623,CODE/2364,Custom,CODE,Custom,,2364,,,
624,CODE/3326,Custom,CODE,Custom,,3326,,,
625,CODE/2096,Custom,CODE,Custom,,2096,,,
626,CODE/2303,Custom,CODE,Custom,,2303,,,
627,CODE/3479,Custom,CODE,Custom,,3479,,,
628,CODE/2896,Custom,CODE,Custom,,2896,,,
629,CODE/1311,Custom,CODE,Custom,,1311,,,
630,CODE/2649,Custom,CODE,Custom,,2649,,,
631,CODE/3453,Custom,CODE,Custom,,3453,,,
632,CODE/1408,Custom,CODE,Custom,,1408,,,
633,CODE/4712,Custom,CODE,Custom,,4712,,,
634,CODE/1843,Custom,CODE,Custom,,1843,,,
635,CODE/1682,Custom,CODE,Custom,,1682,,,
636,CODE/2015,Custom,CODE,Custom,,2015,,,
637,CODE/3741,Custom,CODE,Custom,,3741,,,
638,CODE/4166,Custom,CODE,Custom,,4166,,,
639,CODE/1685,Custom,CODE,Custom,,1685,,,
640,CODE/2814,Custom,CODE,Custom,,2814,,,
641,CODE/1221,Custom,CODE,Custom,,1221,,,
642,CODE/2683,Custom,CODE,Custom,,2683,,,
643,CODE/1447,Custom,CODE,Custom,,1447,,,
644,CODE/4276,Custom,CODE,Custom,,4276,,,
645,CODE/2095,Custom,CODE,Custom,,2095,,,
646,CODE/4624,Custom,CODE,Custom,,4624,,,
647,CODE/4817,Custom,CODE,Custom,,4817,,,
648,CODE/2579,Custom,CODE,Custom,,2579,,,
649,CODE/1048,Custom,CODE,Custom,,1048,,,
650,CODE/3420,Custom,CODE,Custom,,3420,,,
651,CODE/2997,Custom,CODE,Custom,,2997,,,
652,CODE/2264,Custom,CODE,Custom,,2264,,,
653,CODE/1725,Custom,CODE,Custom,,1725,,,
654,CODE/3389,Custom,CODE,Custom,,3389,,,
655,CODE/4141,Custom,CODE,Custom,,4141,,,
656,CODE/3599,Custom,CODE,Custom,,3599,,,
657,CODE/4807,Custom,CODE,Custom,,4807,,,
658,CODE/3725,Custom,CODE,Custom,,3725,,,
659,CODE/4577,Custom,CODE,Custom,,4577,,,
660,CODE/1668,Custom,CODE,Custom,,1668,,,
661,CODE/4783,Custom,CODE,Custom,,4783,,,
662,CODE/1833,Custom,CODE,Custom,,1833,,,
663,CODE/3018,Custom,CODE,Custom,,3018,,,
664,CODE/3193,Custom,CODE,Custom,,3193,,,
665,CODE/1826,Custom,CODE,Custom,,1826,,,
666,CODE/1344,Custom,CODE,Custom,,1344,,,
667,CODE/4315,Custom,CODE,Custom,,4315,,,
668,CODE/2183,Custom,CODE,Custom,,2183,,,
669,CODE/1592,Custom,CODE,Custom,,1592,,,
670,CODE/3755,Custom,CODE,Custom,,3755,,,
671,CODE/2912,Custom,CODE,Custom,,2912,,,
672,CODE/4181,Custom,CODE,Custom,,4181,,,
673,CODE/3347,Custom,CODE,Custom,,3347,,,
674,CODE/1869,Custom,CODE,Custom,,1869,,,
675,CODE/2982,Custom,CODE,Custom,,2982,,,
676,CODE/3280,Custom,CODE,Custom,,3280,,,
677,CODE/3722,Custom,CODE,Custom,,3722,,,
678,CODE/2846,Custom,CODE,Custom,,2846,,,
679,CODE/4901,Custom,CODE,Custom,,4901,,,
680,CODE/3141,Custom,CODE,Custom,,3141,,,
681,CODE/3227,Custom,CODE,Custom,,3227,,,
682,CODE/3373,Custom,CODE,Custom,,3373,,,
683,CODE/3306,Custom,CODE,Custom,,3306,,,
684,CODE/4801,Custom,CODE,Custom,,4801,,,
685,CODE/1191,Custom,CODE,Custom,,1191,,,
686,CODE/1718,Custom,CODE,Custom,,1718,,,
687,CODE/2253,Custom,CODE,Custom,,2253,,,
688,CODE/1385,Custom,CODE,Custom,,1385,,,
689,CODE/1144,Custom,CODE,Custom,,1144,,,
690,CODE/1253,Custom,CODE,Custom,,1253,,,
691,CODE/1753,Custom,CODE,Custom,,1753,,,
692,CODE/3601,Custom,CODE,Custom,,3601,,,
693,CODE/2370,Custom,CODE,Custom,,2370,,,
694,CODE/1975,Custom,CODE,Custom,,1975,,,
695,CODE/3566,Custom,CODE,Custom,,3566,,,
696,CODE/1287,Custom,CODE,Custom,,1287,,,
697,CODE/3782,Custom,CODE,Custom,,3782,,,
698,CODE/1735,Custom,CODE,Custom,,1735,,,
699,CODE/1256,Custom,CODE,Custom,,1256,,,
700,CODE/4263,Custom,CODE,Custom,,4263,,,
701,CODE/1605,Custom,CODE,Custom,,1605,,,
702,CODE/2432,Custom,CODE,Custom,,2432,,,
703,CODE/4282,Custom,CODE,Custom,,4282,,,
704,CODE/1428,Custom,CODE,Custom,,1428,,,
705,CODE/3051,Custom,CODE,Custom,,3051,,,
706,CODE/3666,Custom,CODE,Custom,,3666,,,
707,CODE/2882,Custom,CODE,Custom,,2882,,,
708,CODE/1320,Custom,CODE,Custom,,1320,,,
709,CODE/3278,Custom,CODE,Custom,,3278,,,
710,CODE/1465,Custom,CODE,Custom,,1465,,,
711,CODE/2146,Custom,CODE,Custom,,2146,,,
712,CODE/3527,Custom,CODE,Custom,,3527,,,
713,CODE/2476,Custom,CODE,Custom,,2476,,,
714,CODE/4492,Custom,CODE,Custom,,4492,,,
715,CODE/4247,Custom,CODE,Custom,,4247,,,
716,CODE/1678,Custom,CODE,Custom,,1678,,,
717,CODE/1860,Custom,CODE,Custom,,1860,,,
718,CODE/1392,Custom,CODE,Custom,,1392,,,
719,CODE/2803,Custom,CODE,Custom,,2803,,,
720,CODE/3410,Custom,CODE,Custom,,3410,,,
721,CODE/4264,Custom,CODE,Custom,,4264,,,
722,CODE/2749,Custom,CODE,Custom,,2749,,,
723,CODE/4290,Custom,CODE,Custom,,4290,,,
724,CODE/3344,Custom,CODE,Custom,,3344,,,
725,CODE/3356,Custom,CODE,Custom,,3356,,,
726,CODE/3413,Custom,CODE,Custom,,3413,,,
727,CODE/2553,Custom,CODE,Custom,,2553,,,
728,CODE/4864,Custom,CODE,Custom,,4864,,,
729,CODE/4724,Custom,CODE,Custom,,4724,,,
730,CODE/4826,Custom,CODE,Custom,,4826,,,
731,CODE/4981,Custom,CODE,Custom,,4981,,,
732,CODE/1748,Custom,CODE,Custom,,1748,,,
733,CODE/4680,Custom,CODE,Custom,,4680,,,
734,CODE/3478,Custom,CODE,Custom,,3478,,,
735,CODE/3910,Custom,CODE,Custom,,3910,,,
736,CODE/2687,Custom,CODE,Custom,,2687,,,
737,CODE/3623,Custom,CODE,Custom,,3623,,,
738,CODE/4814,Custom,CODE,Custom,,4814,,,
739,CODE/1248,Custom,CODE,Custom,,1248,,,
740,CODE/4048,Custom,CODE,Custom,,4048,,,
741,CODE/1602,Custom,CODE,Custom,,1602,,,
742,CODE/2626,Custom,CODE,Custom,,2626,,,
743,CODE/2677,Custom,CODE,Custom,,2677,,,
744,CODE/2480,Custom,CODE,Custom,,2480,,,
745,CODE/1942,Custom,CODE,Custom,,1942,,,
746,CODE/1926,Custom,CODE,Custom,,1926,,,
747,CODE/1708,Custom,CODE,Custom,,1708,,,
748,CODE/2155,Custom,CODE,Custom,,2155,,,
749,CODE/3432,Custom,CODE,Custom,,3432,,,
750,CODE/2964,Custom,CODE,Custom,,2964,,,
751,CODE/2917,Custom,CODE,Custom,,2917,,,
752,CODE/2727,Custom,CODE,Custom,,2727,,,
753,CODE/3484,Custom,CODE,Custom,,3484,,,
754,CODE/3211,Custom,CODE,Custom,,3211,,,
755,CODE/2989,Custom,CODE,Custom,,2989,,,
756,CODE/4792,Custom,CODE,Custom,,4792,,,
757,CODE/3654,Custom,CODE,Custom,,3654,,,
758,CODE/2147,Custom,CODE,Custom,,2147,,,
759,CODE/1507,Custom,CODE,Custom,,1507,,,
760,CODE/2487,Custom,CODE,Custom,,2487,,,
761,CODE/3350,Custom,CODE,Custom,,3350,,,
762,CODE/3700,Custom,CODE,Custom,,3700,,,
763,CODE/1573,Custom,CODE,Custom,,1573,,,
764,CODE/4678,Custom,CODE,Custom,,4678,,,
765,CODE/3970,Custom,CODE,Custom,,3970,,,
766,CODE/2784,Custom,CODE,Custom,,2784,,,
767,CODE/1174,Custom,CODE,Custom,,1174,,,
768,CODE/3298,Custom,CODE,Custom,,3298,,,
769,CODE/1882,Custom,CODE,Custom,,1882,,,
770,CODE/3816,Custom,CODE,Custom,,3816,,,
771,CODE/2907,Custom,CODE,Custom,,2907,,,
772,CODE/3284,Custom,CODE,Custom,,3284,,,
773,CODE/4182,Custom,CODE,Custom,,4182,,,
774,CODE/3259,Custom,CODE,Custom,,3259,,,
775,CODE/2384,Custom,CODE,Custom,,2384,,,
776,CODE/2332,Custom,CODE,Custom,,2332,,,
777,CODE/3962,Custom,CODE,Custom,,3962,,,
778,CODE/2843,Custom,CODE,Custom,,2843,,,
779,CODE/4005,Custom,CODE,Custom,,4005,,,
780,CODE/4646,Custom,CODE,Custom,,4646,,,
781,CODE/3898,Custom,CODE,Custom,,3898,,,
782,CODE/3878,Custom,CODE,Custom,,3878,,,
783,CODE/2114,Custom,CODE,Custom,,2114,,,
784,CODE/1337,Custom,CODE,Custom,,1337,,,
785,CODE/3180,Custom,CODE,Custom,,3180,,,
786,CODE/2092,Custom,CODE,Custom,,2092,,,
787,CODE/3585,Custom,CODE,Custom,,3585,,,
788,CODE/1978,Custom,CODE,Custom,,1978,,,
789,CODE/3085,Custom,CODE,Custom,,3085,,,
790,CODE/3362,Custom,CODE,Custom,,3362,,,
791,CODE/1026,Custom,CODE,Custom,,1026,,,
792,CODE/1307,Custom,CODE,Custom,,1307,,,
793,CODE/4131,Custom,CODE,Custom,,4131,,,
794,CODE/4384,Custom,CODE,Custom,,4384,,,
795,CODE/2257,Custom,CODE,Custom,,2257,,,
796,CODE/2723,Custom,CODE,Custom,,2723,,,
797,CODE/2036,Custom,CODE,Custom,,2036,,,
798,CODE/4609,Custom,CODE,Custom,,4609,,,
799,CODE/1187,Custom,CODE,Custom,,1187,,,
800,CODE/3132,Custom,CODE,Custom,,3132,,,
801,CODE/3799,Custom,CODE,Custom,,3799,,,
802,CODE/3746,Custom,CODE,Custom,,3746,,,
803,CODE/3253,Custom,CODE,Custom,,3253,,,
804,CODE/1684,Custom,CODE,Custom,,1684,,,
805,CODE/4253,Custom,CODE,Custom,,4253,,,
806,CODE/1661,Custom,CODE,Custom,,1661,,,
807,CODE/1812,Custom,CODE,Custom,,1812,,,
808,CODE/4657,Custom,CODE,Custom,,4657,,,
809,CODE/2876,Custom,CODE,Custom,,2876,,,
810,CODE/1423,Custom,CODE,Custom,,1423,,,
811,CODE/1968,Custom,CODE,Custom,,1968,,,
812,CODE/3622,Custom,CODE,Custom,,3622,,,
813,CODE/4601,Custom,CODE,Custom,,4601,,,
814,CODE/3402,Custom,CODE,Custom,,3402,,,
815,CODE/2943,Custom,CODE,Custom,,2943,,,
816,CODE/3357,Custom,CODE,Custom,,3357,,,
817,CODE/4623,Custom,CODE,Custom,,4623,,,
818,CODE/1514,Custom,CODE,Custom,,1514,,,
819,CODE/1249,Custom,CODE,Custom,,1249,,,
820,CODE/3523,Custom,CODE,Custom,,3523,,,
821,CODE/2145,Custom,CODE,Custom,,2145,,,
822,CODE/3699,Custom,CODE,Custom,,3699,,,
823,CODE/3247,Custom,CODE,Custom,,3247,,,
824,CODE/4335,Custom,CODE,Custom,,4335,,,
825,CODE/4961,Custom,CODE,Custom,,4961,,,
826,CODE/4071,Custom,CODE,Custom,,4071,,,
827,CODE/4857,Custom,CODE,Custom,,4857,,,
828,CODE/2832,Custom,CODE,Custom,,2832,,,
829,CODE/1280,Custom,CODE,Custom,,1280,,,
830,CODE/4015,Custom,CODE,Custom,,4015,,,
831,CODE/1669,Custom,CODE,Custom,,1669,,,
832,CODE/2854,Custom,CODE,Custom,,2854,,,
833,CODE/2187,Custom,CODE,Custom,,2187,,,
834,CODE/2048,Custom,CODE,Custom,,2048,,,
835,CODE/4975,Custom,CODE,Custom,,4975,,,
836,CODE/3450,Custom,CODE,Custom,,3450,,,
837,CODE/3733,Custom,CODE,Custom,,3733,,,
838,CODE/4916,Custom,CODE,Custom,,4916,,,
839,CODE/1050,Custom,CODE,Custom,,1050,,,
840,CODE/1750,Custom,CODE,Custom,,1750,,,
841,CODE/2662,Custom,CODE,Custom,,2662,,,
842,CODE/2352,Custom,CODE,Custom,,2352,,,
843,CODE/2914,Custom,CODE,Custom,,2914,,,
844,CODE/3447,Custom,CODE,Custom,,3447,,,
845,CODE/4275,Custom,CODE,Custom,,4275,,,
846,CODE/3887,Custom,CODE,Custom,,3887,,,
847,CODE/4300,Custom,CODE,Custom,,4300,,,
848,CODE/3316,Custom,CODE,Custom,,3316,,,
849,CODE/1020,Custom,CODE,Custom,,1020,,,
850,CODE/2791,Custom,CODE,Custom,,2791,,,
851,CODE/3698,Custom,CODE,Custom,,3698,,,
852,CODE/2355,Custom,CODE,Custom,,2355,,,
853,CODE/2447,Custom,CODE,Custom,,2447,,,
854,CODE/1270,Custom,CODE,Custom,,1270,,,
855,CODE/3460,Custom,CODE,Custom,,3460,,,
856,CODE/4427,Custom,CODE,Custom,,4427,,,
857,CODE/1719,Custom,CODE,Custom,,1719,,,
858,CODE/4478,Custom,CODE,Custom,,4478,,,
859,CODE/2686,Custom,CODE,Custom,,2686,,,
860,CODE/2871,Custom,CODE,Custom,,2871,,,
861,CODE/1250,Custom,CODE,Custom,,1250,,,
862,CODE/4076,Custom,CODE,Custom,,4076,,,
863,CODE/4731,Custom,CODE,Custom,,4731,,,
864,CODE/1200,Custom,CODE,Custom,,1200,,,
865,CODE/3295,Custom,CODE,Custom,,3295,,,
866,CODE/3471,Custom,CODE,Custom,,3471,,,
867,CODE/1915,Custom,CODE,Custom,,1915,,,
868,CODE/2151,Custom,CODE,Custom,,2151,,,
869,CODE/1367,Custom,CODE,Custom,,1367,,,
870,CODE/2590,Custom,CODE,Custom,,2590,,,
871,CODE/4949,Custom,CODE,Custom,,4949,,,
872,CODE/1067,Custom,CODE,Custom,,1067,,,
873,CODE/1293,Custom,CODE,Custom,,1293,,,
874,CODE/4622,Custom,CODE,Custom,,4622,,,
875,CODE/3969,Custom,CODE,Custom,,3969,,,
876,CODE/1409,Custom,CODE,Custom,,1409,,,
877,CODE/3849,Custom,CODE,Custom,,3849,,,
878,CODE/1563,Custom,CODE,Custom,,1563,,,
879,CODE/1445,Custom,CODE,Custom,,1445,,,
880,CODE/2920,Custom,CODE,Custom,,2920,,,
881,CODE/2611,Custom,CODE,Custom,,2611,,,
882,CODE/4271,Custom,CODE,Custom,,4271,,,
883,CODE/4591,Custom,CODE,Custom,,4591,,,
884,CODE/1734,Custom,CODE,Custom,,1734,,,
885,CODE/4608,Custom,CODE,Custom,,4608,,,
886,CODE/1599,Custom,CODE,Custom,,1599,,,
887,CODE/3399,Custom,CODE,Custom,,3399,,,
888,CODE/4248,Custom,CODE,Custom,,4248,,,
889,CODE/1961,Custom,CODE,Custom,,1961,,,
890,CODE/2265,Custom,CODE,Custom,,2265,,,
891,CODE/4083,Custom,CODE,Custom,,4083,,,
892,CODE/3732,Custom,CODE,Custom,,3732,,,
893,CODE/3422,Custom,CODE,Custom,,3422,,,
894,CODE/2953,Custom,CODE,Custom,,2953,,,
895,CODE/2328,Custom,CODE,Custom,,2328,,,
896,CODE/4337,Custom,CODE,Custom,,4337,,,
897,CODE/4097,Custom,CODE,Custom,,4097,,,
898,CODE/1117,Custom,CODE,Custom,,1117,,,
899,CODE/4869,Custom,CODE,Custom,,4869,,,
900,CODE/3630,Custom,CODE,Custom,,3630,,,
901,CODE/3251,Custom,CODE,Custom,,3251,,,
902,CODE/4285,Custom,CODE,Custom,,4285,,,
903,CODE/1348,Custom,CODE,Custom,,1348,,,
904,CODE/1709,Custom,CODE,Custom,,1709,,,
905,CODE/1834,Custom,CODE,Custom,,1834,,,
906,CODE/2986,Custom,CODE,Custom,,2986,,,
907,CODE/1657,Custom,CODE,Custom,,1657,,,
908,CODE/1097,Custom,CODE,Custom,,1097,,,
909,CODE/1038,Custom,CODE,Custom,,1038,,,
910,CODE/4985,Custom,CODE,Custom,,4985,,,
911,CODE/4385,Custom,CODE,Custom,,4385,,,
912,CODE/4250,Custom,CODE,Custom,,4250,,,
913,CODE/4498,Custom,CODE,Custom,,4498,,,
914,CODE/4216,Custom,CODE,Custom,,4216,,,
915,CODE/3493,Custom,CODE,Custom,,3493,,,
916,CODE/1376,Custom,CODE,Custom,,1376,,,
917,CODE/4176,Custom,CODE,Custom,,4176,,,
918,CODE/1474,Custom,CODE,Custom,,1474,,,
919,CODE/1217,Custom,CODE,Custom,,1217,,,
920,CODE/4475,Custom,CODE,Custom,,4475,,,
921,CODE/1006,Custom,CODE,Custom,,1006,,,
922,CODE/4420,Custom,CODE,Custom,,4420,,,
923,CODE/3883,Custom,CODE,Custom,,3883,,,
924,CODE/3863,Custom,CODE,Custom,,3863,,,
925,CODE/1901,Custom,CODE,Custom,,1901,,,
926,CODE/3217,Custom,CODE,Custom,,3217,,,
927,CODE/2718,Custom,CODE,Custom,,2718,,,
928,CODE/3128,Custom,CODE,Custom,,3128,,,
929,CODE/4510,Custom,CODE,Custom,,4510,,,
930,CODE/4649,Custom,CODE,Custom,,4649,,,
931,CODE/3313,Custom,CODE,Custom,,3313,,,
932,CODE/1689,Custom,CODE,Custom,,1689,,,
933,CODE/3405,Custom,CODE,Custom,,3405,,,
934,CODE/3798,Custom,CODE,Custom,,3798,,,
935,CODE/2386,Custom,CODE,Custom,,2386,,,
936,CODE/4727,Custom,CODE,Custom,,4727,,,
937,CODE/4560,Custom,CODE,Custom,,4560,,,
938,CODE/1328,Custom,CODE,Custom,,1328,,,
939,CODE/3491,Custom,CODE,Custom,,3491,,,
940,CODE/1493,Custom,CODE,Custom,,1493,,,
941,CODE/4765,Custom,CODE,Custom,,4765,,,
942,CODE/2979,Custom,CODE,Custom,,2979,,,
943,CODE/3852,Custom,CODE,Custom,,3852,,,
944,CODE/3880,Custom,CODE,Custom,,3880,,,
945,CODE/4288,Custom,CODE,Custom,,4288,,,
946,CODE/1898,Custom,CODE,Custom,,1898,,,
947,CODE/2618,Custom,CODE,Custom,,2618,,,
948,CODE/1395,Custom,CODE,Custom,,1395,,,
949,CODE/4585,Custom,CODE,Custom,,4585,,,
950,CODE/3198,Custom,CODE,Custom,,3198,,,
951,CODE/4147,Custom,CODE,Custom,,4147,,,
952,CODE/4674,Custom,CODE,Custom,,4674,,,
953,CODE/4122,Custom,CODE,Custom,,4122,,,
954,CODE/3961,Custom,CODE,Custom,,3961,,,
955,CODE/4896,Custom,CODE,Custom,,4896,,,
956,CODE/2200,Custom,CODE,Custom,,2200,,,
957,CODE/3219,Custom,CODE,Custom,,3219,,,
958,CODE/4625,Custom,CODE,Custom,,4625,,,
959,CODE/4752,Custom,CODE,Custom,,4752,,,
960,CODE/3602,Custom,CODE,Custom,,3602,,,
961,CODE/3099,Custom,CODE,Custom,,3099,,,
962,CODE/4345,Custom,CODE,Custom,,4345,,,
963,CODE/4306,Custom,CODE,Custom,,4306,,,
964,CODE/1143,Custom,CODE,Custom,,1143,,,
965,CODE/1626,Custom,CODE,Custom,,1626,,,
966,CODE/2120,Custom,CODE,Custom,,2120,,,
967,CODE/2278,Custom,CODE,Custom,,2278,,,
968,CODE/1236,Custom,CODE,Custom,,1236,,,
969,CODE/1502,Custom,CODE,Custom,,1502,,,
970,CODE/4950,Custom,CODE,Custom,,4950,,,
971,CODE/1976,Custom,CODE,Custom,,1976,,,
972,CODE/4914,Custom,CODE,Custom,,4914,,,
973,CODE/2898,Custom,CODE,Custom,,2898,,,
974,CODE/4331,Custom,CODE,Custom,,4331,,,
975,CODE/1463,Custom,CODE,Custom,,1463,,,
976,CODE/2608,Custom,CODE,Custom,,2608,,,
977,CODE/3731,Custom,CODE,Custom,,3731,,,
978,CODE/4440,Custom,CODE,Custom,,4440,,,
979,CODE/4494,Custom,CODE,Custom,,4494,,,
980,CODE/1518,Custom,CODE,Custom,,1518,,,
981,CODE/3670,Custom,CODE,Custom,,3670,,,
982,CODE/2167,Custom,CODE,Custom,,2167,,,
983,CODE/2125,Custom,CODE,Custom,,2125,,,
984,CODE/3668,Custom,CODE,Custom,,3668,,,
985,CODE/3088,Custom,CODE,Custom,,3088,,,
986,CODE/4668,Custom,CODE,Custom,,4668,,,
987,CODE/1153,Custom,CODE,Custom,,1153,,,
988,CODE/3719,Custom,CODE,Custom,,3719,,,
989,CODE/4170,Custom,CODE,Custom,,4170,,,
990,CODE/2593,Custom,CODE,Custom,,2593,,,
991,CODE/3629,Custom,CODE,Custom,,3629,,,
992,CODE/4943,Custom,CODE,Custom,,4943,,,
993,CODE/4500,Custom,CODE,Custom,,4500,,,
994,CODE/4368,Custom,CODE,Custom,,4368,,,
995,CODE/3842,Custom,CODE,Custom,,3842,,,
996,CODE/2214,Custom,CODE,Custom,,2214,,,
997,CODE/4935,Custom,CODE,Custom,,4935,,,
998,CODE/4675,Custom,CODE,Custom,,4675,,,
999,CODE/3496,Custom,CODE,Custom,,3496,,,
1000,CODE/2496,Custom,CODE,Custom,,2496,,,
1001,CODE/3635,Custom,CODE,Custom,,3635,,,
1002,CODE/1199,Custom,CODE,Custom,,1199,,,
1003,CODE/3250,Custom,CODE,Custom,,3250,,,
1004,CODE/2454,Custom,CODE,Custom,,2454,,,
1005,CODE/2922,Custom,CODE,Custom,,2922,,,
1006,CODE/3531,Custom,CODE,Custom,,3531,,,
1007,CODE/1672,Custom,CODE,Custom,,1672,,,
1008,CODE/2776,Custom,CODE,Custom,,2776,,,
1009,CODE/4930,Custom,CODE,Custom,,4930,,,
1010,CODE/2127,Custom,CODE,Custom,,2127,,,
1011,CODE/2412,Custom,CODE,Custom,,2412,,,
1012,CODE/2091,Custom,CODE,Custom,,2091,,,
1013,CODE/1778,Custom,CODE,Custom,,1778,,,
1014,CODE/4034,Custom,CODE,Custom,,4034,,,
1015,CODE/4991,Custom,CODE,Custom,,4991,,,
1016,CODE/2239,Custom,CODE,Custom,,2239,,,
1017,CODE/3559,Custom,CODE,Custom,,3559,,,
1018,CODE/3925,Custom,CODE,Custom,,3925,,,
1019,CODE/3215,Custom,CODE,Custom,,3215,,,
1020,CODE/2995,Custom,CODE,Custom,,2995,,,
1021,CODE/1519,Custom,CODE,Custom,,1519,,,
1022,CODE/2464,Custom,CODE,Custom,,2464,,,
1023,CODE/3784,Custom,CODE,Custom,,3784,,,
1024,CODE/4444,Custom,CODE,Custom,,4444,,,
1025,CODE/3105,Custom,CODE,Custom,,3105,,,
1026,CODE/2852,Custom,CODE,Custom,,2852,,,
1027,CODE/3449,Custom,CODE,Custom,,3449,,,
1028,CODE/3334,Custom,CODE,Custom,,3334,,,
1029,CODE/1604,Custom,CODE,Custom,,1604,,,
1030,CODE/4692,Custom,CODE,Custom,,4692,,,
1031,CODE/3476,Custom,CODE,Custom,,3476,,,
1032,CODE/3485,Custom,CODE,Custom,,3485,,,
1033,CODE/4447,Custom,CODE,Custom,,4447,,,
1034,CODE/2674,Custom,CODE,Custom,,2674,,,
1035,CODE/3385,Custom,CODE,Custom,,3385,,,
1036,CODE/1241,Custom,CODE,Custom,,1241,,,
1037,CODE/4594,Custom,CODE,Custom,,4594,,,
1038,CODE/3846,Custom,CODE,Custom,,3846,,,
1039,CODE/1058,Custom,CODE,Custom,,1058,,,
1040,CODE/2551,Custom,CODE,Custom,,2551,,,
1041,CODE/1125,Custom,CODE,Custom,,1125,,,
1042,CODE/2180,Custom,CODE,Custom,,2180,,,
1043,CODE/3951,Custom,CODE,Custom,,3951,,,
1044,CODE/2475,Custom,CODE,Custom,,2475,,,
1045,CODE/3125,Custom,CODE,Custom,,3125,,,
1046,CODE/3053,Custom,CODE,Custom,,3053,,,
1047,CODE/2398,Custom,CODE,Custom,,2398,,,
1048,CODE/1295,Custom,CODE,Custom,,1295,,,
1049,CODE/1059,Custom,CODE,Custom,,1059,,,
1050,CODE/2271,Custom,CODE,Custom,,2271,,,
1051,CODE/1764,Custom,CODE,Custom,,1764,,,
1052,CODE/3505,Custom,CODE,Custom,,3505,,,
1053,CODE/4010,Custom,CODE,Custom,,4010,,,
1054,CODE/4767,Custom,CODE,Custom,,4767,,,
1055,CODE/1782,Custom,CODE,Custom,,1782,,,
1056,CODE/1023,Custom,CODE,Custom,,1023,,,
1057,CODE/1772,Custom,CODE,Custom,,1772,,,
1058,CODE/3139,Custom,CODE,Custom,,3139,,,
1059,CODE/4960,Custom,CODE,Custom,,4960,,,
1060,CODE/3256,Custom,CODE,Custom,,3256,,,
1061,CODE/4797,Custom,CODE,Custom,,4797,,,
1062,CODE/3714,Custom,CODE,Custom,,3714,,,
1063,CODE/4543,Custom,CODE,Custom,,4543,,,
1064,CODE/1377,Custom,CODE,Custom,,1377,,,
1065,CODE/1186,Custom,CODE,Custom,,1186,,,
1066,CODE/2974,Custom,CODE,Custom,,2974,,,
1067,CODE/1746,Custom,CODE,Custom,,1746,,,
1068,CODE/4978,Custom,CODE,Custom,,4978,,,
1069,CODE/3412,Custom,CODE,Custom,,3412,,,
1070,CODE/1825,Custom,CODE,Custom,,1825,,,
1071,CODE/3185,Custom,CODE,Custom,,3185,,,
1072,CODE/3294,Custom,CODE,Custom,,3294,,,
1073,CODE/4406,Custom,CODE,Custom,,4406,,,
1074,CODE/1003,Custom,CODE,Custom,,1003,,,
1075,CODE/2121,Custom,CODE,Custom,,2121,,,
1076,CODE/2855,Custom,CODE,Custom,,2855,,,
1077,CODE/3875,Custom,CODE,Custom,,3875,,,
1078,CODE/3346,Custom,CODE,Custom,,3346,,,
1079,CODE/2961,Custom,CODE,Custom,,2961,,,
1080,CODE/1470,Custom,CODE,Custom,,1470,,,
1081,CODE/1906,Custom,CODE,Custom,,1906,,,
1082,CODE/3515,Custom,CODE,Custom,,3515,,,
1083,CODE/2418,Custom,CODE,Custom,,2418,,,
1084,CODE/3855,Custom,CODE,Custom,,3855,,,
1085,CODE/4693,Custom,CODE,Custom,,4693,,,
1086,CODE/1103,Custom,CODE,Custom,,1103,,,
1087,CODE/2940,Custom,CODE,Custom,,2940,,,
1088,CODE/3793,Custom,CODE,Custom,,3793,,,
1089,CODE/4837,Custom,CODE,Custom,,4837,,,
1090,CODE/3492,Custom,CODE,Custom,,3492,,,
1091,CODE/1760,Custom,CODE,Custom,,1760,,,
1092,CODE/2552,Custom,CODE,Custom,,2552,,,
1093,CODE/3865,Custom,CODE,Custom,,3865,,,
1094,CODE/3077,Custom,CODE,Custom,,3077,,,
1095,CODE/3304,Custom,CODE,Custom,,3304,,,
1096,CODE/3342,Custom,CODE,Custom,,3342,,,
1097,CODE/2582,Custom,CODE,Custom,,2582,,,
1098,CODE/3246,Custom,CODE,Custom,,3246,,,
1099,CODE/4786,Custom,CODE,Custom,,4786,,,
1100,CODE/3781,Custom,CODE,Custom,,3781,,,
1101,CODE/1202,Custom,CODE,Custom,,1202,,,
1102,CODE/3265,Custom,CODE,Custom,,3265,,,
1103,CODE/2574,Custom,CODE,Custom,,2574,,,
1104,CODE/4784,Custom,CODE,Custom,,4784,,,
1105,CODE/4372,Custom,CODE,Custom,,4372,,,
1106,CODE/4833,Custom,CODE,Custom,,4833,,,
1107,CODE/2462,Custom,CODE,Custom,,2462,,,
1108,CODE/4891,Custom,CODE,Custom,,4891,,,
1109,CODE/1403,Custom,CODE,Custom,,1403,,,
1110,CODE/3423,Custom,CODE,Custom,,3423,,,
1111,CODE/3537,Custom,CODE,Custom,,3537,,,
1112,CODE/4030,Custom,CODE,Custom,,4030,,,
1113,CODE/1497,Custom,CODE,Custom,,1497,,,
1114,CODE/4153,Custom,CODE,Custom,,4153,,,
1115,CODE/3435,Custom,CODE,Custom,,3435,,,
1116,CODE/1037,Custom,CODE,Custom,,1037,,,
1117,CODE/4586,Custom,CODE,Custom,,4586,,,
1118,CODE/3972,Custom,CODE,Custom,,3972,,,
1119,CODE/1606,Custom,CODE,Custom,,1606,,,
1120,CODE/3122,Custom,CODE,Custom,,3122,,,
1121,CODE/2739,Custom,CODE,Custom,,2739,,,
1122,CODE/3613,Custom,CODE,Custom,,3613,,,
1123,CODE/2514,Custom,CODE,Custom,,2514,,,
1124,CODE/2030,Custom,CODE,Custom,,2030,,,
1125,CODE/1313,Custom,CODE,Custom,,1313,,,
1126,CODE/1412,Custom,CODE,Custom,,1412,,,
1127,CODE/4587,Custom,CODE,Custom,,4587,,,
1128,CODE/2731,Custom,CODE,Custom,,2731,,,
1129,CODE/2378,Custom,CODE,Custom,,2378,,,
1130,CODE/3480,Custom,CODE,Custom,,3480,,,
1131,CODE/4867,Custom,CODE,Custom,,4867,,,
1132,CODE/4064,Custom,CODE,Custom,,4064,,,
1133,CODE/1737,Custom,CODE,Custom,,1737,,,
1134,CODE/1505,Custom,CODE,Custom,,1505,,,
1135,CODE/3881,Custom,CODE,Custom,,3881,,,
1136,CODE/4185,Custom,CODE,Custom,,4185,,,
1137,CODE/1469,Custom,CODE,Custom,,1469,,,
1138,CODE/3467,Custom,CODE,Custom,,3467,,,
1139,CODE/4746,Custom,CODE,Custom,,4746,,,
1140,CODE/2474,Custom,CODE,Custom,,2474,,,
1141,CODE/1707,Custom,CODE,Custom,,1707,,,
1142,CODE/1260,Custom,CODE,Custom,,1260,,,
1143,CODE/4417,Custom,CODE,Custom,,4417,,,
1144,CODE/4882,Custom,CODE,Custom,,4882,,,
1145,CODE/3035,Custom,CODE,Custom,,3035,,,
1146,CODE/1292,Custom,CODE,Custom,,1292,,,
1147,CODE/4124,Custom,CODE,Custom,,4124,,,
1148,CODE/4726,Custom,CODE,Custom,,4726,,,
1149,CODE/3043,Custom,CODE,Custom,,3043,,,
1150,CODE/4077,Custom,CODE,Custom,,4077,,,
1151,CODE/2578,Custom,CODE,Custom,,2578,,,
1152,CODE/3578,Custom,CODE,Custom,,3578,,,
1153,CODE/2093,Custom,CODE,Custom,,2093,,,
1154,CODE/1109,Custom,CODE,Custom,,1109,,,
1155,CODE/4483,Custom,CODE,Custom,,4483,,,
1156,CODE/3897,Custom,CODE,Custom,,3897,,,
1157,CODE/1390,Custom,CODE,Custom,,1390,,,
1158,CODE/3872,Custom,CODE,Custom,,3872,,,
1159,CODE/1031,Custom,CODE,Custom,,1031,,,
1160,CODE/3384,Custom,CODE,Custom,,3384,,,
1161,CODE/4979,Custom,CODE,Custom,,4979,,,
1162,CODE/2983,Custom,CODE,Custom,,2983,,,
1163,CODE/1851,Custom,CODE,Custom,,1851,,,
1164,CODE/4472,Custom,CODE,Custom,,4472,,,
1165,CODE/1686,Custom,CODE,Custom,,1686,,,
1166,CODE/4215,Custom,CODE,Custom,,4215,,,
1167,CODE/1552,Custom,CODE,Custom,,1552,,,
1168,CODE/4480,Custom,CODE,Custom,,4480,,,
1169,CODE/3844,Custom,CODE,Custom,,3844,,,
1170,CODE/3155,Custom,CODE,Custom,,3155,,,
1171,CODE/2704,Custom,CODE,Custom,,2704,,,
1172,CODE/3705,Custom,CODE,Custom,,3705,,,
1173,CODE/2144,Custom,CODE,Custom,,2144,,,
1174,CODE/4476,Custom,CODE,Custom,,4476,,,
1175,CODE/4378,Custom,CODE,Custom,,4378,,,
1176,CODE/1779,Custom,CODE,Custom,,1779,,,
1177,CODE/4171,Custom,CODE,Custom,,4171,,,
1178,CODE/1056,Custom,CODE,Custom,,1056,,,
1179,CODE/4445,Custom,CODE,Custom,,4445,,,
1180,CODE/1279,Custom,CODE,Custom,,1279,,,
1181,CODE/1112,Custom,CODE,Custom,,1112,,,
1182,CODE/4408,Custom,CODE,Custom,,4408,,,
1183,CODE/3749,Custom,CODE,Custom,,3749,,,
1184,CODE/1142,Custom,CODE,Custom,,1142,,,
1185,CODE/3270,Custom,CODE,Custom,,3270,,,
1186,CODE/4424,Custom,CODE,Custom,,4424,,,
1187,CODE/2751,Custom,CODE,Custom,,2751,,,
1188,CODE/4393,Custom,CODE,Custom,,4393,,,
1189,CODE/4397,Custom,CODE,Custom,,4397,,,
1190,CODE/4244,Custom,CODE,Custom,,4244,,,
1191,CODE/1731,Custom,CODE,Custom,,1731,,,
1192,CODE/3516,Custom,CODE,Custom,,3516,,,
1193,CODE/1411,Custom,CODE,Custom,,1411,,,
1194,CODE/4033,Custom,CODE,Custom,,4033,,,
1195,CODE/4458,Custom,CODE,Custom,,4458,,,
1196,CODE/3098,Custom,CODE,Custom,,3098,,,
1197,CODE/1394,Custom,CODE,Custom,,1394,,,
1198,CODE/1692,Custom,CODE,Custom,,1692,,,
1199,CODE/3779,Custom,CODE,Custom,,3779,,,
1200,CODE/2229,Custom,CODE,Custom,,2229,,,
1201,CODE/3186,Custom,CODE,Custom,,3186,,,
1202,CODE/4799,Custom,CODE,Custom,,4799,,,
1203,CODE/2002,Custom,CODE,Custom,,2002,,,
1204,CODE/4932,Custom,CODE,Custom,,4932,,,
1205,CODE/2822,Custom,CODE,Custom,,2822,,,
1206,CODE/2482,Custom,CODE,Custom,,2482,,,
1207,CODE/4619,Custom,CODE,Custom,,4619,,,
1208,CODE/3582,Custom,CODE,Custom,,3582,,,
1209,CODE/2798,Custom,CODE,Custom,,2798,,,
1210,CODE/4259,Custom,CODE,Custom,,4259,,,
1211,CODE/1055,Custom,CODE,Custom,,1055,,,
1212,CODE/1658,Custom,CODE,Custom,,1658,,,
1213,CODE/4486,Custom,CODE,Custom,,4486,,,
1214,CODE/4735,Custom,CODE,Custom,,4735,,,
1215,CODE/1466,Custom,CODE,Custom,,1466,,,
1216,CODE/2326,Custom,CODE,Custom,,2326,,,
1217,CODE/2699,Custom,CODE,Custom,,2699,,,
1218,CODE/2807,Custom,CODE,Custom,,2807,,,
1219,CODE/3314,Custom,CODE,Custom,,3314,,,
1220,CODE/1166,Custom,CODE,Custom,,1166,,,
1221,CODE/3893,Custom,CODE,Custom,,3893,,,
1222,CODE/3028,Custom,CODE,Custom,,3028,,,
1223,CODE/4676,Custom,CODE,Custom,,4676,,,
1224,CODE/1694,Custom,CODE,Custom,,1694,,,
1225,CODE/2314,Custom,CODE,Custom,,2314,,,
1226,CODE/4656,Custom,CODE,Custom,,4656,,,
1227,CODE/5000,Custom,CODE,Custom,,5000,,,
1228,CODE/4971,Custom,CODE,Custom,,4971,,,
1229,CODE/3869,Custom,CODE,Custom,,3869,,,
1230,CODE/2130,Custom,CODE,Custom,,2130,,,
1231,CODE/2587,Custom,CODE,Custom,,2587,,,
1232,CODE/3877,Custom,CODE,Custom,,3877,,,
1233,CODE/3738,Custom,CODE,Custom,,3738,,,
1234,CODE/3458,Custom,CODE,Custom,,3458,,,
1235,CODE/2377,Custom,CODE,Custom,,2377,,,
1236,CODE/1064,Custom,CODE,Custom,,1064,,,
1237,CODE/1369,Custom,CODE,Custom,,1369,,,
1238,CODE/2971,Custom,CODE,Custom,,2971,,,
1239,CODE/3642,Custom,CODE,Custom,,3642,,,
1240,CODE/2890,Custom,CODE,Custom,,2890,,,
1241,CODE/3795,Custom,CODE,Custom,,3795,,,
1242,CODE/4396,Custom,CODE,Custom,,4396,,,
1243,CODE/1371,Custom,CODE,Custom,,1371,,,
1244,CODE/1093,Custom,CODE,Custom,,1093,,,
1245,CODE/1343,Custom,CODE,Custom,,1343,,,
1246,CODE/2851,Custom,CODE,Custom,,2851,,,
1247,CODE/4848,Custom,CODE,Custom,,4848,,,
1248,CODE/3349,Custom,CODE,Custom,,3349,,,
1249,CODE/1601,Custom,CODE,Custom,,1601,,,
1250,CODE/3189,Custom,CODE,Custom,,3189,,,
1251,CODE/3752,Custom,CODE,Custom,,3752,,,
1252,CODE/2350,Custom,CODE,Custom,,2350,,,
1253,CODE/2192,Custom,CODE,Custom,,2192,,,
1254,CODE/2672,Custom,CODE,Custom,,2672,,,
1255,CODE/1667,Custom,CODE,Custom,,1667,,,
1256,CODE/4990,Custom,CODE,Custom,,4990,,,
1257,CODE/2998,Custom,CODE,Custom,,2998,,,
1258,CODE/4035,Custom,CODE,Custom,,4035,,,
1259,CODE/2019,Custom,CODE,Custom,,2019,,,
1260,CODE/1310,Custom,CODE,Custom,,1310,,,
1261,CODE/2383,Custom,CODE,Custom,,2383,,,
1262,CODE/2208,Custom,CODE,Custom,,2208,,,
1263,CODE/3682,Custom,CODE,Custom,,3682,,,
1264,CODE/4673,Custom,CODE,Custom,,4673,,,
1265,CODE/2676,Custom,CODE,Custom,,2676,,,
1266,CODE/2046,Custom,CODE,Custom,,2046,,,
1267,CODE/4796,Custom,CODE,Custom,,4796,,,
1268,CODE/1870,Custom,CODE,Custom,,1870,,,
1269,CODE/3759,Custom,CODE,Custom,,3759,,,
1270,CODE/3664,Custom,CODE,Custom,,3664,,,
1271,CODE/4169,Custom,CODE,Custom,,4169,,,
1272,CODE/3549,Custom,CODE,Custom,,3549,,,
1273,CODE/2372,Custom,CODE,Custom,,2372,,,
1274,CODE/1406,Custom,CODE,Custom,,1406,,,
1275,CODE/3369,Custom,CODE,Custom,,3369,,,
1276,CODE/1580,Custom,CODE,Custom,,1580,,,
1277,CODE/1322,Custom,CODE,Custom,,1322,,,
1278,CODE/3474,Custom,CODE,Custom,,3474,,,
1279,CODE/4460,Custom,CODE,Custom,,4460,,,
1280,CODE/2190,Custom,CODE,Custom,,2190,,,
1281,CODE/1035,Custom,CODE,Custom,,1035,,,
1282,CODE/2809,Custom,CODE,Custom,,2809,,,
1283,CODE/4338,Custom,CODE,Custom,,4338,,,
1284,CODE/4187,Custom,CODE,Custom,,4187,,,
1285,CODE/1663,Custom,CODE,Custom,,1663,,,
1286,CODE/4603,Custom,CODE,Custom,,4603,,,
1287,CODE/1908,Custom,CODE,Custom,,1908,,,
1288,CODE/3218,Custom,CODE,Custom,,3218,,,
1289,CODE/1863,Custom,CODE,Custom,,1863,,,
1290,CODE/2301,Custom,CODE,Custom,,2301,,,
1291,CODE/2817,Custom,CODE,Custom,,2817,,,
1292,CODE/4965,Custom,CODE,Custom,,4965,,,
1293,CODE/4193,Custom,CODE,Custom,,4193,,,
1294,CODE/4394,Custom,CODE,Custom,,4394,,,
1295,CODE/2429,Custom,CODE,Custom,,2429,,,
1296,CODE/4281,Custom,CODE,Custom,,4281,,,
1297,CODE/1739,Custom,CODE,Custom,,1739,,,
1298,CODE/4827,Custom,CODE,Custom,,4827,,,
1299,CODE/3130,Custom,CODE,Custom,,3130,,,
1300,CODE/3866,Custom,CODE,Custom,,3866,,,
1301,CODE/4749,Custom,CODE,Custom,,4749,,,
1302,CODE/4102,Custom,CODE,Custom,,4102,,,
1303,CODE/3232,Custom,CODE,Custom,,3232,,,
1304,CODE/1007,Custom,CODE,Custom,,1007,,,
1305,CODE/1791,Custom,CODE,Custom,,1791,,,
1306,CODE/2755,Custom,CODE,Custom,,2755,,,
1307,CODE/2331,Custom,CODE,Custom,,2331,,,
1308,CODE/4049,Custom,CODE,Custom,,4049,,,
1309,CODE/2430,Custom,CODE,Custom,,2430,,,
1310,CODE/4859,Custom,CODE,Custom,,4859,,,
1311,CODE/3584,Custom,CODE,Custom,,3584,,,
1312,CODE/1525,Custom,CODE,Custom,,1525,,,
1313,CODE/4939,Custom,CODE,Custom,,4939,,,
1314,CODE/4923,Custom,CODE,Custom,,4923,,,
1315,CODE/1228,Custom,CODE,Custom,,1228,,,
1316,CODE/1813,Custom,CODE,Custom,,1813,,,
1317,CODE/2942,Custom,CODE,Custom,,2942,,,
1318,CODE/4763,Custom,CODE,Custom,,4763,,,
1319,CODE/3032,Custom,CODE,Custom,,3032,,,
1320,CODE/2530,Custom,CODE,Custom,,2530,,,
1321,CODE/3981,Custom,CODE,Custom,,3981,,,
1322,CODE/2640,Custom,CODE,Custom,,2640,,,
1323,CODE/4436,Custom,CODE,Custom,,4436,,,
1324,CODE/4569,Custom,CODE,Custom,,4569,,,
1325,CODE/1145,Custom,CODE,Custom,,1145,,,
1326,CODE/4683,Custom,CODE,Custom,,4683,,,
1327,CODE/1434,Custom,CODE,Custom,,1434,,,
1328,CODE/2449,Custom,CODE,Custom,,2449,,,
1329,CODE/1489,Custom,CODE,Custom,,1489,,,
1330,CODE/2569,Custom,CODE,Custom,,2569,,,
1331,CODE/2627,Custom,CODE,Custom,,2627,,,
1332,CODE/2628,Custom,CODE,Custom,,2628,,,
1333,CODE/1002,Custom,CODE,Custom,,1002,,,
1334,CODE/2240,Custom,CODE,Custom,,2240,,,
1335,CODE/1177,Custom,CODE,Custom,,1177,,,
1336,CODE/2117,Custom,CODE,Custom,,2117,,,
1337,CODE/1751,Custom,CODE,Custom,,1751,,,
1338,CODE/1662,Custom,CODE,Custom,,1662,,,
1339,CODE/1461,Custom,CODE,Custom,,1461,,,
1340,CODE/2641,Custom,CODE,Custom,,2641,,,
1341,CODE/4116,Custom,CODE,Custom,,4116,,,
1342,CODE/4760,Custom,CODE,Custom,,4760,,,
1343,CODE/1523,Custom,CODE,Custom,,1523,,,
1344,CODE/1074,Custom,CODE,Custom,,1074,,,
1345,CODE/2591,Custom,CODE,Custom,,2591,,,
1346,CODE/4536,Custom,CODE,Custom,,4536,,,
1347,CODE/1570,Custom,CODE,Custom,,1570,,,
1348,CODE/3266,Custom,CODE,Custom,,3266,,,
1349,CODE/2194,Custom,CODE,Custom,,2194,,,
1350,CODE/3042,Custom,CODE,Custom,,3042,,,
1351,CODE/1829,Custom,CODE,Custom,,1829,,,
1352,CODE/2037,Custom,CODE,Custom,,2037,,,
1353,CODE/4578,Custom,CODE,Custom,,4578,,,
1354,CODE/3040,Custom,CODE,Custom,,3040,,,
1355,CODE/3992,Custom,CODE,Custom,,3992,,,
1356,CODE/2548,Custom,CODE,Custom,,2548,,,
1357,CODE/4862,Custom,CODE,Custom,,4862,,,
1358,CODE/2838,Custom,CODE,Custom,,2838,,,
1359,CODE/2603,Custom,CODE,Custom,,2603,,,
1360,CODE/1917,Custom,CODE,Custom,,1917,,,
1361,CODE/2526,Custom,CODE,Custom,,2526,,,
1362,CODE/2156,Custom,CODE,Custom,,2156,,,
1363,CODE/4516,Custom,CODE,Custom,,4516,,,
1364,CODE/4399,Custom,CODE,Custom,,4399,,,
1365,CODE/1671,Custom,CODE,Custom,,1671,,,
1366,CODE/1402,Custom,CODE,Custom,,1402,,,
1367,CODE/4665,Custom,CODE,Custom,,4665,,,
1368,CODE/2954,Custom,CODE,Custom,,2954,,,
1369,CODE/3182,Custom,CODE,Custom,,3182,,,
1370,CODE/4242,Custom,CODE,Custom,,4242,,,
1371,CODE/1335,Custom,CODE,Custom,,1335,,,
1372,CODE/2783,Custom,CODE,Custom,,2783,,,
1373,CODE/3756,Custom,CODE,Custom,,3756,,,
1374,CODE/4728,Custom,CODE,Custom,,4728,,,
1375,CODE/3223,Custom,CODE,Custom,,3223,,,
1376,CODE/1013,Custom,CODE,Custom,,1013,,,
1377,CODE/1967,Custom,CODE,Custom,,1967,,,
1378,CODE/1993,Custom,CODE,Custom,,1993,,,
1379,CODE/1958,Custom,CODE,Custom,,1958,,,
1380,CODE/4952,Custom,CODE,Custom,,4952,,,
1381,CODE/4502,Custom,CODE,Custom,,4502,,,
1382,CODE/2716,Custom,CODE,Custom,,2716,,,
1383,CODE/3932,Custom,CODE,Custom,,3932,,,
1384,CODE/1865,Custom,CODE,Custom,,1865,,,
1385,CODE/4497,Custom,CODE,Custom,,4497,,,
1386,CODE/1258,Custom,CODE,Custom,,1258,,,
1387,CODE/2897,Custom,CODE,Custom,,2897,,,
1388,CODE/4108,Custom,CODE,Custom,,4108,,,
1389,CODE/1225,Custom,CODE,Custom,,1225,,,
1390,CODE/2080,Custom,CODE,Custom,,2080,,,
1391,CODE/2000,Custom,CODE,Custom,,2000,,,
1392,CODE/3818,Custom,CODE,Custom,,3818,,,
1393,CODE/1366,Custom,CODE,Custom,,1366,,,
1394,CODE/3659,Custom,CODE,Custom,,3659,,,
1395,CODE/2193,Custom,CODE,Custom,,2193,,,
1396,CODE/2535,Custom,CODE,Custom,,2535,,,
1397,CODE/3197,Custom,CODE,Custom,,3197,,,
1398,CODE/1861,Custom,CODE,Custom,,1861,,,
1399,CODE/2692,Custom,CODE,Custom,,2692,,,
1400,CODE/2458,Custom,CODE,Custom,,2458,,,
1401,CODE/4390,Custom,CODE,Custom,,4390,,,
1402,CODE/4813,Custom,CODE,Custom,,4813,,,
1403,CODE/4155,Custom,CODE,Custom,,4155,,,
1404,CODE/2198,Custom,CODE,Custom,,2198,,,
1405,CODE/3021,Custom,CODE,Custom,,3021,,,
1406,CODE/3201,Custom,CODE,Custom,,3201,,,
1407,CODE/1492,Custom,CODE,Custom,,1492,,,
1408,CODE/1477,Custom,CODE,Custom,,1477,,,
1409,CODE/1548,Custom,CODE,Custom,,1548,,,
1410,CODE/3087,Custom,CODE,Custom,,3087,,,
1411,CODE/4469,Custom,CODE,Custom,,4469,,,
1412,CODE/4439,Custom,CODE,Custom,,4439,,,
1413,CODE/3473,Custom,CODE,Custom,,3473,,,
1414,CODE/3368,Custom,CODE,Custom,,3368,,,
1415,CODE/1184,Custom,CODE,Custom,,1184,,,
1416,CODE/1991,Custom,CODE,Custom,,1991,,,
1417,CODE/1140,Custom,CODE,Custom,,1140,,,
1418,CODE/4908,Custom,CODE,Custom,,4908,,,
1419,CODE/4599,Custom,CODE,Custom,,4599,,,
1420,CODE/2696,Custom,CODE,Custom,,2696,,,
1421,CODE/3644,Custom,CODE,Custom,,3644,,,
1422,CODE/4069,Custom,CODE,Custom,,4069,,,
1423,CODE/2380,Custom,CODE,Custom,,2380,,,
1424,CODE/2768,Custom,CODE,Custom,,2768,,,
1425,CODE/4496,Custom,CODE,Custom,,4496,,,
1426,CODE/4964,Custom,CODE,Custom,,4964,,,
1427,CODE/3444,Custom,CODE,Custom,,3444,,,
1428,CODE/4541,Custom,CODE,Custom,,4541,,,
1429,CODE/3557,Custom,CODE,Custom,,3557,,,
1430,CODE/1562,Custom,CODE,Custom,,1562,,,
1431,CODE/4296,Custom,CODE,Custom,,4296,,,
1432,CODE/1832,Custom,CODE,Custom,,1832,,,
1433,CODE/4820,Custom,CODE,Custom,,4820,,,
1434,CODE/1568,Custom,CODE,Custom,,1568,,,
1435,CODE/1780,Custom,CODE,Custom,,1780,,,
1436,CODE/2440,Custom,CODE,Custom,,2440,,,
1437,CODE/1944,Custom,CODE,Custom,,1944,,,
1438,CODE/3175,Custom,CODE,Custom,,3175,,,
1439,CODE/2241,Custom,CODE,Custom,,2241,,,
1440,CODE/3691,Custom,CODE,Custom,,3691,,,
1441,CODE/4658,Custom,CODE,Custom,,4658,,,
1442,CODE/3145,Custom,CODE,Custom,,3145,,,
1443,CODE/2684,Custom,CODE,Custom,,2684,,,
1444,CODE/2879,Custom,CODE,Custom,,2879,,,
1445,CODE/1923,Custom,CODE,Custom,,1923,,,
1446,CODE/4366,Custom,CODE,Custom,,4366,,,
1447,CODE/2340,Custom,CODE,Custom,,2340,,,
1448,CODE/3541,Custom,CODE,Custom,,3541,,,
1449,CODE/1046,Custom,CODE,Custom,,1046,,,
1450,CODE/3636,Custom,CODE,Custom,,3636,,,
1451,CODE/3308,Custom,CODE,Custom,,3308,,,
1452,CODE/1061,Custom,CODE,Custom,,1061,,,
1453,CODE/2371,Custom,CODE,Custom,,2371,,,
1454,CODE/1877,Custom,CODE,Custom,,1877,,,
1455,CODE/3134,Custom,CODE,Custom,,3134,,,
1456,CODE/4287,Custom,CODE,Custom,,4287,,,
1457,CODE/2466,Custom,CODE,Custom,,2466,,,
1458,CODE/4523,Custom,CODE,Custom,,4523,,,
1459,CODE/4954,Custom,CODE,Custom,,4954,,,
1460,CODE/4184,Custom,CODE,Custom,,4184,,,
1461,CODE/4915,Custom,CODE,Custom,,4915,,,
1462,CODE/3206,Custom,CODE,Custom,,3206,,,
1463,CODE/3986,Custom,CODE,Custom,,3986,,,
1464,CODE/2141,Custom,CODE,Custom,,2141,,,
1465,CODE/2348,Custom,CODE,Custom,,2348,,,
1466,CODE/3220,Custom,CODE,Custom,,3220,,,
1467,CODE/2682,Custom,CODE,Custom,,2682,,,
1468,CODE/4996,Custom,CODE,Custom,,4996,,,
1469,CODE/3147,Custom,CODE,Custom,,3147,,,
1470,CODE/3701,Custom,CODE,Custom,,3701,,,
1471,CODE/3882,Custom,CODE,Custom,,3882,,,
1472,CODE/4412,Custom,CODE,Custom,,4412,,,
1473,CODE/4401,Custom,CODE,Custom,,4401,,,
1474,CODE/4776,Custom,CODE,Custom,,4776,,,
1475,CODE/4360,Custom,CODE,Custom,,4360,,,
1476,CODE/2921,Custom,CODE,Custom,,2921,,,
1477,CODE/2468,Custom,CODE,Custom,,2468,,,
1478,CODE/1205,Custom,CODE,Custom,,1205,,,
1479,CODE/3403,Custom,CODE,Custom,,3403,,,
1480,CODE/3529,Custom,CODE,Custom,,3529,,,
1481,CODE/3061,Custom,CODE,Custom,,3061,,,
1482,CODE/4434,Custom,CODE,Custom,,4434,,,
1483,CODE/4207,Custom,CODE,Custom,,4207,,,
1484,CODE/4348,Custom,CODE,Custom,,4348,,,
1485,CODE/3486,Custom,CODE,Custom,,3486,,,
1486,CODE/3577,Custom,CODE,Custom,,3577,,,
1487,CODE/3054,Custom,CODE,Custom,,3054,,,
1488,CODE/2797,Custom,CODE,Custom,,2797,,,
1489,CODE/2439,Custom,CODE,Custom,,2439,,,
1490,CODE/2792,Custom,CODE,Custom,,2792,,,
1491,CODE/1955,Custom,CODE,Custom,,1955,,,
1492,CODE/3245,Custom,CODE,Custom,,3245,,,
1493,CODE/1111,Custom,CODE,Custom,,1111,,,
1494,CODE/4934,Custom,CODE,Custom,,4934,,,
1495,CODE/4028,Custom,CODE,Custom,,4028,,,
1496,CODE/1819,Custom,CODE,Custom,,1819,,,
1497,CODE/3090,Custom,CODE,Custom,,3090,,,
1498,CODE/3319,Custom,CODE,Custom,,3319,,,
1499,CODE/1352,Custom,CODE,Custom,,1352,,,
1500,CODE/3909,Custom,CODE,Custom,,3909,,,
1501,CODE/2858,Custom,CODE,Custom,,2858,,,
1502,CODE/1214,Custom,CODE,Custom,,1214,,,
1503,CODE/2246,Custom,CODE,Custom,,2246,,,
1504,CODE/4547,Custom,CODE,Custom,,4547,,,
1505,CODE/2061,Custom,CODE,Custom,,2061,,,
1506,CODE/3789,Custom,CODE,Custom,,3789,,,
1507,CODE/4974,Custom,CODE,Custom,,4974,,,
1508,CODE/3089,Custom,CODE,Custom,,3089,,,
1509,CODE/1680,Custom,CODE,Custom,,1680,,,
1510,CODE/3016,Custom,CODE,Custom,,3016,,,
1511,CODE/2859,Custom,CODE,Custom,,2859,,,
1512,CODE/2135,Custom,CODE,Custom,,2135,,,
1513,CODE/1717,Custom,CODE,Custom,,1717,,,
1514,CODE/2790,Custom,CODE,Custom,,2790,,,
1515,CODE/4885,Custom,CODE,Custom,,4885,,,
1516,CODE/2448,Custom,CODE,Custom,,2448,,,
1517,CODE/4768,Custom,CODE,Custom,,4768,,,
1518,CODE/2970,Custom,CODE,Custom,,2970,,,
1519,CODE/4342,Custom,CODE,Custom,,4342,,,
1520,CODE/4878,Custom,CODE,Custom,,4878,,,
1521,CODE/3565,Custom,CODE,Custom,,3565,,,
1522,CODE/1501,Custom,CODE,Custom,,1501,,,
1523,CODE/4159,Custom,CODE,Custom,,4159,,,
1524,CODE/3612,Custom,CODE,Custom,,3612,,,
1525,CODE/2087,Custom,CODE,Custom,,2087,,,
1526,CODE/2177,Custom,CODE,Custom,,2177,,,
1527,CODE/4872,Custom,CODE,Custom,,4872,,,
1528,CODE/3907,Custom,CODE,Custom,,3907,,,
1529,CODE/3871,Custom,CODE,Custom,,3871,,,
1530,CODE/1197,Custom,CODE,Custom,,1197,,,
1531,CODE/1212,Custom,CODE,Custom,,1212,,,
1532,CODE/2446,Custom,CODE,Custom,,2446,,,
1533,CODE/4251,Custom,CODE,Custom,,4251,,,
1534,CODE/2098,Custom,CODE,Custom,,2098,,,
1535,CODE/3445,Custom,CODE,Custom,,3445,,,
1536,CODE/1868,Custom,CODE,Custom,,1868,,,
1537,CODE/1429,Custom,CODE,Custom,,1429,,,
1538,CODE/1811,Custom,CODE,Custom,,1811,,,
1539,CODE/1351,Custom,CODE,Custom,,1351,,,
1540,CODE/2347,Custom,CODE,Custom,,2347,,,
1541,CODE/3518,Custom,CODE,Custom,,3518,,,
1542,CODE/1118,Custom,CODE,Custom,,1118,,,
1543,CODE/2886,Custom,CODE,Custom,,2886,,,
1544,CODE/4933,Custom,CODE,Custom,,4933,,,
1545,CODE/4791,Custom,CODE,Custom,,4791,,,
1546,CODE/3562,Custom,CODE,Custom,,3562,,,
1547,CODE/3884,Custom,CODE,Custom,,3884,,,
1548,CODE/4579,Custom,CODE,Custom,,4579,,,
1549,CODE/2083,Custom,CODE,Custom,,2083,,,
1550,CODE/1921,Custom,CODE,Custom,,1921,,,
1551,CODE/4710,Custom,CODE,Custom,,4710,,,
1552,CODE/4270,Custom,CODE,Custom,,4270,,,
1553,CODE/4663,Custom,CODE,Custom,,4663,,,
1554,CODE/4012,Custom,CODE,Custom,,4012,,,
1555,CODE/3290,Custom,CODE,Custom,,3290,,,
1556,CODE/3341,Custom,CODE,Custom,,3341,,,
1557,CODE/1802,Custom,CODE,Custom,,1802,,,
1558,CODE/1397,Custom,CODE,Custom,,1397,,,
1559,CODE/4793,Custom,CODE,Custom,,4793,,,
1560,CODE/3593,Custom,CODE,Custom,,3593,,,
1561,CODE/3431,Custom,CODE,Custom,,3431,,,
1562,CODE/2110,Custom,CODE,Custom,,2110,,,
1563,CODE/2411,Custom,CODE,Custom,,2411,,,
1564,CODE/4666,Custom,CODE,Custom,,4666,,,
1565,CODE/3355,Custom,CODE,Custom,,3355,,,
1566,CODE/1309,Custom,CODE,Custom,,1309,,,
1567,CODE/1631,Custom,CODE,Custom,,1631,,,
1568,CODE/3282,Custom,CODE,Custom,,3282,,,
1569,CODE/4970,Custom,CODE,Custom,,4970,,,
1570,CODE/1005,Custom,CODE,Custom,,1005,,,
1571,CODE/1700,Custom,CODE,Custom,,1700,,,
1572,CODE/3340,Custom,CODE,Custom,,3340,,,
1573,CODE/4627,Custom,CODE,Custom,,4627,,,
1574,CODE/2075,Custom,CODE,Custom,,2075,,,
1575,CODE/3419,Custom,CODE,Custom,,3419,,,
1576,CODE/3117,Custom,CODE,Custom,,3117,,,
1577,CODE/4808,Custom,CODE,Custom,,4808,,,
1578,CODE/1630,Custom,CODE,Custom,,1630,,,
1579,CODE/3056,Custom,CODE,Custom,,3056,,,
1580,CODE/1836,Custom,CODE,Custom,,1836,,,
1581,CODE/4514,Custom,CODE,Custom,,4514,,,
1582,CODE/1096,Custom,CODE,Custom,,1096,,,
